#
# A fatal error has been detected by the Java Runtime Environment:
#
#  EXCEPTION_ACCESS_VIOLATION (0xc0000005) at pc=0x00007fff111c6f0e, pid=6368, tid=9836
#
# JRE version: OpenJDK Runtime Environment (21.0.3) (build 21.0.3+-12282718-b509.11)
# Java VM: OpenJDK 64-Bit Server VM (21.0.3+-12282718-b509.11, mixed mode, tiered, compressed oops, compressed class ptrs, g1 gc, windows-amd64)
# Problematic frame:
# V  [jvm.dll+0x3b6f0e]
#
# No core dump will be written. Minidumps are not enabled by default on client versions of Windows
#
# If you would like to submit a bug report, please visit:
#   https://youtrack.jetbrains.com/issues/JBR
#

---------------  S U M M A R Y ------------

Command Line: --add-opens=java.base/java.util=ALL-UNNAMED --add-opens=java.base/java.lang=ALL-UNNAMED --add-opens=java.base/java.lang.invoke=ALL-UNNAMED --add-opens=java.prefs/java.util.prefs=ALL-UNNAMED --add-exports=jdk.compiler/com.sun.tools.javac.api=ALL-UNNAMED --add-exports=jdk.compiler/com.sun.tools.javac.util=ALL-UNNAMED --add-opens=java.base/java.nio.charset=ALL-UNNAMED --add-opens=java.base/java.net=ALL-UNNAMED --add-opens=java.base/java.util.concurrent.atomic=ALL-UNNAMED -Xmx2048m -Dfile.encoding=UTF-8 -Duser.country=US -Duser.language=en -Duser.variant -javaagent:C:\Users\medinarc25\.gradle\wrapper\dists\gradle-8.9-bin\90cnw93cvbtalezasaz0blq0a\gradle-8.9\lib\agents\gradle-instrumentation-agent-8.9.jar org.gradle.launcher.daemon.bootstrap.GradleDaemon 8.9

Host: 13th Gen Intel(R) Core(TM) i7-13700, 24 cores, 15G,  Windows 11 , 64 bit Build 22621 (10.0.22621.3958)
Time: Wed Nov 20 20:34:11 2024 Eastern Standard Time elapsed time: 6.998606 seconds (0d 0h 0m 6s)

---------------  T H R E A D  ---------------

Current thread (0x000001765114cce0):  JavaThread "C2 CompilerThread1" daemon [_thread_in_native, id=9836, stack(0x00000020b2f00000,0x00000020b3000000) (1024K)]


Current CompileTask:
C2:   6998 15494 % !   4       java.util.concurrent.ConcurrentHashMap::transfer @ 372 (849 bytes)

Stack: [0x00000020b2f00000,0x00000020b3000000],  sp=0x00000020b2ffcd40,  free space=1011k
Native frames: (J=compiled Java code, j=interpreted, Vv=VM code, C=native code)
V  [jvm.dll+0x3b6f0e]
V  [jvm.dll+0x1df51a]
V  [jvm.dll+0x227998]
V  [jvm.dll+0x226fb7]
V  [jvm.dll+0x227026]
V  [jvm.dll+0x1ddf0d]
V  [jvm.dll+0x246c54]
V  [jvm.dll+0x2460d1]
V  [jvm.dll+0x1c5804]
V  [jvm.dll+0x25575c]
V  [jvm.dll+0x253c36]
V  [jvm.dll+0x3ec996]
V  [jvm.dll+0x800d78]
V  [jvm.dll+0x6c98cd]
C  [ucrtbase.dll+0x29333]
C  [KERNEL32.DLL+0x1257d]
C  [ntdll.dll+0x5af08]


siginfo: EXCEPTION_ACCESS_VIOLATION (0xc0000005), writing address 0x00007fff00000025


Registers:
RAX=0x00007fff0000000d, RBX=0x0000000000000003, RCX=0x00007fff11999f60, RDX=0x0000000000000003
RSP=0x00000020b2ffcd40, RBP=0x00007fff11999f60, RSI=0x0000000000000018, RDI=0x00000020b2ffd0f0
R8 =0x00000176544b7b20, R9 =0x0000000000000020, R10=0x0000017663111d20, R11=0x00000020b2ffd110
R12=0x00000000000003c2, R13=0x0000017654e6cbd8, R14=0x0000000000000034, R15=0x0000000000000020
RIP=0x00007fff111c6f0e, EFLAGS=0x0000000000010202


Register to memory mapping:

RAX=0x00007fff0000000d is an unknown value
RBX=0x0000000000000003 is an unknown value
RCX=0x00007fff11999f60 jvm.dll
RDX=0x0000000000000003 is an unknown value
RSP=0x00000020b2ffcd40 is pointing into the stack for thread: 0x000001765114cce0
RBP=0x00007fff11999f60 jvm.dll
RSI=0x0000000000000018 is an unknown value
RDI=0x00000020b2ffd0f0 is pointing into the stack for thread: 0x000001765114cce0
R8 =0x00000176544b7b20 points into unknown readable memory: 0x0000000000000000 | 00 00 00 00 00 00 00 00
R9 =0x0000000000000020 is an unknown value
R10=0x0000017663111d20 points into unknown readable memory: 0x0000000400000003 | 03 00 00 00 04 00 00 00
R11=0x00000020b2ffd110 is pointing into the stack for thread: 0x000001765114cce0
R12=0x00000000000003c2 is an unknown value
R13=0x0000017654e6cbd8 points into unknown readable memory: 0x00007fff1174ab50 | 50 ab 74 11 ff 7f 00 00
R14=0x0000000000000034 is an unknown value
R15=0x0000000000000020 is an unknown value

Top of Stack: (sp=0x00000020b2ffcd40)
0x00000020b2ffcd40:   0000000000000000 00000003000003ac
0x00000020b2ffcd50:   0000000400000004 00000176544b7b20
0x00000020b2ffcd60:   0000000000029610 0000017654e6cbd8
0x00000020b2ffcd70:   00000020b2ffd110 00007fff10fef51a
0x00000020b2ffcd80:   0000000000000003 00007fff11999f60
0x00000020b2ffcd90:   0000000000029560 0000000000029560
0x00000020b2ffcda0:   0000017663111dc0 00007fff11037998
0x00000020b2ffcdb0:   00000020b2ffd0f0 0000017663111d20
0x00000020b2ffcdc0:   0000017663111d20 000001760000000d
0x00000020b2ffcdd0:   0000017663111dc0 00000020b2ffce20
0x00000020b2ffcde0:   0000017654e6cb50 0000017654e6cb50
0x00000020b2ffcdf0:   0000017653ffbe10 00007fff00000008
0x00000020b2ffce00:   0000017654567250 0000017654e6cbd8
0x00000020b2ffce10:   0000017654567250 00007fff11999f60
0x00000020b2ffce20:   0000000005555455 0000000000000000
0x00000020b2ffce30:   0000000000000000 0000000000000000
0x00000020b2ffce40:   0000000000000000 0000000000000000
0x00000020b2ffce50:   0000000000000000 0000000000000000
0x00000020b2ffce60:   0000000000000000 0000000000000000
0x00000020b2ffce70:   0000000000000000 0000000000000000
0x00000020b2ffce80:   0000017652142430 0000017653ffbd58
0x00000020b2ffce90:   0000017652142818 0000017652142440
0x00000020b2ffcea0:   0000000000000008 0000017653ffbe10
0x00000020b2ffceb0:   00000020b2ffd0f0 00007fff11036fb7
0x00000020b2ffcec0:   0000000000000012 00000000000003c3
0x00000020b2ffced0:   00000020b2ffd0f0 0000017653ffbe10
0x00000020b2ffcee0:   00007fff00000008 00007fff11056662
0x00000020b2ffcef0:   00000020b2ffd450 00007fff11037026
0x00000020b2ffcf00:   00000020b2ffd0f0 000000000000008d
0x00000020b2ffcf10:   00000000000003d8 00000020b2ffd030
0x00000020b2ffcf20:   0000000000000000 00007fff10fedf0d
0x00000020b2ffcf30:   00000020b2ffd370 00000020b2ffd450 

Instructions: (pc=0x00007fff111c6f0e)
0x00007fff111c6e0e:   c4 20 5b c3 cc cc cc cc cc cc cc cc cc cc cc cc
0x00007fff111c6e1e:   cc cc 48 89 5c 24 08 57 48 83 ec 20 8b da 48 8b
0x00007fff111c6e2e:   f9 e8 6c ff ff ff c1 eb 08 3b 5f 04 72 08 44 8d
0x00007fff111c6e3e:   43 01 44 89 47 04 48 8b 4f 08 48 89 04 d9 48 8b
0x00007fff111c6e4e:   5c 24 30 48 83 c4 20 5f c3 cc cc cc cc cc cc cc
0x00007fff111c6e5e:   cc cc 48 89 5c 24 08 48 89 6c 24 10 48 89 74 24
0x00007fff111c6e6e:   18 57 41 56 41 57 48 83 ec 20 8b c2 48 8b f9 8b
0x00007fff111c6e7e:   15 55 62 82 00 41 be 34 00 00 00 48 8d 34 c5 00
0x00007fff111c6e8e:   00 00 00 48 8b 41 08 48 8b 1c 06 65 48 8b 04 25
0x00007fff111c6e9e:   58 00 00 00 48 8b 2c d0 41 80 3c 2e 00 75 05 e8
0x00007fff111c6eae:   ee 0c 4d 00 41 bf 20 00 00 00 49 8b 04 2f 48 8b
0x00007fff111c6ebe:   88 68 06 00 00 48 8b 81 80 00 00 00 48 8b 88 d8
0x00007fff111c6ece:   08 00 00 48 89 0b 41 80 3c 2e 00 75 05 e8 c0 0c
0x00007fff111c6ede:   4d 00 49 8b 04 2f 48 8b 6c 24 48 48 8b 88 68 06
0x00007fff111c6eee:   00 00 48 8b 81 80 00 00 00 48 8d 0d 62 30 7d 00
0x00007fff111c6efe:   48 89 98 d8 08 00 00 48 8b 47 08 48 8b 5c 24 40
0x00007fff111c6f0e:   48 89 0c 06 48 8b 74 24 50 48 83 c4 20 41 5f 41
0x00007fff111c6f1e:   5e 5f c3 cc cc cc cc cc cc cc cc cc cc cc cc cc
0x00007fff111c6f2e:   cc cc 48 89 5c 24 10 57 48 83 ec 20 81 c2 ff 00
0x00007fff111c6f3e:   00 00 33 db c1 ea 08 48 8b f9 48 89 19 89 91 90
0x00007fff111c6f4e:   00 00 00 83 fa 10 77 09 48 83 c1 10 e9 82 00 00
0x00007fff111c6f5e:   00 65 48 8b 04 25 58 00 00 00 8b 0d 6a 61 82 00
0x00007fff111c6f6e:   48 89 74 24 30 48 8b 34 c8 b8 34 00 00 00 38 1c
0x00007fff111c6f7e:   30 75 0b e8 1a 0c 4d 00 8b 97 90 00 00 00 b8 20
0x00007fff111c6f8e:   00 00 00 48 c1 e2 03 48 8b 04 30 48 8b 74 24 30
0x00007fff111c6f9e:   48 8b 88 68 06 00 00 48 8b 81 80 00 00 00 4c 8b
0x00007fff111c6fae:   88 d0 08 00 00 49 8b 49 18 49 8b 41 20 48 2b c1
0x00007fff111c6fbe:   48 3b c2 72 0a 48 8d 04 11 49 89 41 18 eb 0e 45
0x00007fff111c6fce:   33 c0 49 8b c9 e8 98 8d d0 ff 48 8b c8 8b 97 90
0x00007fff111c6fde:   00 00 00 48 89 4f 08 85 d2 74 19 48 8d 15 70 2f
0x00007fff111c6fee:   7d 00 48 8b 47 08 48 89 14 d8 ff c3 3b 9f 90 00
0x00007fff111c6ffe:   00 00 72 ee 48 8b 5c 24 38 48 83 c4 20 5f c3 cc 


Stack slot to memory mapping:

stack at sp + 0 slots: 0x0 is null
stack at sp + 1 slots: 0x00000003000003ac is an unknown value
stack at sp + 2 slots: 0x0000000400000004 is an unknown value
stack at sp + 3 slots: 0x00000176544b7b20 points into unknown readable memory: 0x0000000000000000 | 00 00 00 00 00 00 00 00
stack at sp + 4 slots: 0x0000000000029610 is an unknown value
stack at sp + 5 slots: 0x0000017654e6cbd8 points into unknown readable memory: 0x00007fff1174ab50 | 50 ab 74 11 ff 7f 00 00
stack at sp + 6 slots: 0x00000020b2ffd110 is pointing into the stack for thread: 0x000001765114cce0
stack at sp + 7 slots: 0x00007fff10fef51a jvm.dll


---------------  P R O C E S S  ---------------

Threads class SMR info:
_java_thread_list=0x00000176520437e0, length=154, elements={
0x00000176316f6350, 0x000001764c8e3d00, 0x000001764c8e4b20, 0x000001764c8e5e20,
0x000001764c8fe500, 0x000001764c8fff70, 0x000001764c8eabc0, 0x000001764c908dd0,
0x000001764c909870, 0x000001764ca6ad80, 0x000001764c31e830, 0x000001764cadfd90,
0x000001764cb97360, 0x000001765114cce0, 0x0000017651cdd9f0, 0x0000017652dbdfe0,
0x0000017652e1b630, 0x0000017652bfeba0, 0x0000017652ab1c30, 0x0000017652ab22a0,
0x00000176530243a0, 0x0000017653026a20, 0x000001765302ac40, 0x000001765302d3a0,
0x000001765302b960, 0x000001765302e0c0, 0x000001765302bff0, 0x000001765302cd10,
0x000001765302c680, 0x000001765302da30, 0x0000017655a42ee0, 0x0000017655a44920,
0x0000017655a414a0, 0x0000017655a45640, 0x0000017655a44fb0, 0x0000017655a45cd0,
0x0000017655a42850, 0x0000017655a40780, 0x0000017655a41b30, 0x0000017655a40e10,
0x0000017655a46360, 0x0000017655a421c0, 0x0000017655a469f0, 0x0000017655a3fa60,
0x0000017655a43570, 0x0000017655a43c00, 0x0000017655a44290, 0x0000017655a47080,
0x0000017655a400f0, 0x00000176561dabe0, 0x00000176561dccb0, 0x00000176561dbf90,
0x00000176561da550, 0x00000176561db900, 0x00000176561db270, 0x00000176561dc620,
0x00000176561dd340, 0x00000176561d9ec0, 0x0000017656826730, 0x000001765682dd50,
0x000001765682bc80, 0x0000017656826dc0, 0x000001765682af60, 0x000001765682c310,
0x000001765682c9a0, 0x0000017656829bb0, 0x0000017656828e90, 0x000001765682d6c0,
0x000001765682d030, 0x0000017656827450, 0x0000017656828170, 0x0000017656828800,
0x000001765682a240, 0x00000176543201b0, 0x000001765431fb20, 0x000001765431e0e0,
0x000001765431ee00, 0x00000176543249e0, 0x0000017654322fa0, 0x0000017654321bf0,
0x0000017654323cc0, 0x000001765a4f3770, 0x000001765a4f6720, 0x000001765a4f3e40,
0x000001765a4f9000, 0x00000176521b62c0, 0x00000176521b0050, 0x00000176521af330,
0x0000017657db3360, 0x0000017657db4da0, 0x0000017658b8b490, 0x0000017658b88010,
0x0000017658b8d560, 0x0000017658b8ae00, 0x0000017658b8bb20, 0x0000017658b8a0e0,
0x0000017658b8f630, 0x0000017658b886a0, 0x0000017658b89a50, 0x0000017658b88d30,
0x0000017658b8a770, 0x0000017658b8dbf0, 0x0000017658b893c0, 0x0000017658b8e280,
0x0000017658b8e910, 0x0000017658b8efa0, 0x0000017658b8c1b0, 0x0000017658b8c840,
0x0000017658b6d530, 0x0000017658b6b460, 0x0000017658b68d00, 0x0000017658b6c180,
0x0000017658b69a20, 0x0000017658b68670, 0x0000017658b6baf0, 0x0000017658b6e8e0,
0x0000017658b6dbc0, 0x0000017658b6a0b0, 0x0000017658b69390, 0x0000017658b6a740,
0x0000017658b6c810, 0x0000017658b6add0, 0x0000017658b6e250, 0x0000017658b6cea0,
0x0000017658b6ef70, 0x0000017658b67fe0, 0x0000017658b6f600, 0x00000176521b27b0,
0x00000176521aeca0, 0x00000176521af9c0, 0x00000176521b41f0, 0x00000176521b55a0,
0x00000176521b1400, 0x00000176521b2120, 0x00000176521b2e40, 0x000001765a4e22a0,
0x000001766210f320, 0x000001766210aaf0, 0x00000176621090b0, 0x000001766210b810,
0x000001766210b180, 0x000001766210bea0, 0x000001766210f9b0, 0x00000176621106d0,
0x0000017662109740, 0x0000017662110040, 0x000001766210c530, 0x000001766210cbc0,
0x000001766210d250, 0x0000017662110d60, 0x0000017662109dd0, 0x00000176621113f0,
0x000001766210a460, 0x000001766210df70
}
_to_delete_list=0x0000017652042d00, length=153, elements={
0x00000176316f6350, 0x000001764c8e3d00, 0x000001764c8e4b20, 0x000001764c8e5e20,
0x000001764c8fe500, 0x000001764c8fff70, 0x000001764c8eabc0, 0x000001764c908dd0,
0x000001764c909870, 0x000001764ca6ad80, 0x000001764c31e830, 0x000001764cadfd90,
0x000001764cb97360, 0x000001765114cce0, 0x0000017651cdd9f0, 0x0000017652dbdfe0,
0x0000017652e1b630, 0x0000017652bfeba0, 0x0000017652ab1c30, 0x0000017652ab22a0,
0x00000176530243a0, 0x0000017653026a20, 0x000001765302ac40, 0x000001765302d3a0,
0x000001765302b960, 0x000001765302e0c0, 0x000001765302bff0, 0x000001765302cd10,
0x000001765302c680, 0x000001765302da30, 0x0000017655a42ee0, 0x0000017655a44920,
0x0000017655a414a0, 0x0000017655a45640, 0x0000017655a44fb0, 0x0000017655a45cd0,
0x0000017655a42850, 0x0000017655a40780, 0x0000017655a41b30, 0x0000017655a40e10,
0x0000017655a46360, 0x0000017655a421c0, 0x0000017655a469f0, 0x0000017655a3fa60,
0x0000017655a43570, 0x0000017655a43c00, 0x0000017655a44290, 0x0000017655a47080,
0x0000017655a400f0, 0x00000176561dabe0, 0x00000176561dccb0, 0x00000176561dbf90,
0x00000176561da550, 0x00000176561db900, 0x00000176561db270, 0x00000176561dc620,
0x00000176561dd340, 0x00000176561d9ec0, 0x0000017656826730, 0x000001765682dd50,
0x000001765682bc80, 0x0000017656826dc0, 0x000001765682af60, 0x000001765682c310,
0x000001765682c9a0, 0x0000017656829bb0, 0x0000017656828e90, 0x000001765682d6c0,
0x000001765682d030, 0x0000017656827450, 0x0000017656828170, 0x0000017656828800,
0x000001765682a240, 0x00000176543201b0, 0x000001765431fb20, 0x000001765431e0e0,
0x000001765431ee00, 0x00000176543249e0, 0x0000017654322fa0, 0x0000017654321bf0,
0x0000017654323cc0, 0x000001765a4f3770, 0x000001765a4f6720, 0x000001765a4f3e40,
0x000001765a4f9000, 0x00000176521b62c0, 0x00000176521b0050, 0x00000176521af330,
0x0000017657db3360, 0x0000017657db4da0, 0x0000017658b8b490, 0x0000017658b88010,
0x0000017658b8d560, 0x0000017658b8ae00, 0x0000017658b8bb20, 0x0000017658b8a0e0,
0x0000017658b8f630, 0x0000017658b886a0, 0x0000017658b89a50, 0x0000017658b88d30,
0x0000017658b8a770, 0x0000017658b8dbf0, 0x0000017658b893c0, 0x0000017658b8e280,
0x0000017658b8e910, 0x0000017658b8efa0, 0x0000017658b8c1b0, 0x0000017658b8c840,
0x0000017658b6d530, 0x0000017658b6b460, 0x0000017658b68d00, 0x0000017658b6c180,
0x0000017658b69a20, 0x0000017658b68670, 0x0000017658b6baf0, 0x0000017658b6e8e0,
0x0000017658b6dbc0, 0x0000017658b6a0b0, 0x0000017658b69390, 0x0000017658b6a740,
0x0000017658b6c810, 0x0000017658b6add0, 0x0000017658b6e250, 0x0000017658b6cea0,
0x0000017658b6ef70, 0x0000017658b67fe0, 0x0000017658b6f600, 0x00000176521b27b0,
0x00000176521aeca0, 0x00000176521af9c0, 0x00000176521b41f0, 0x00000176521b55a0,
0x00000176521b1400, 0x00000176521b2120, 0x00000176521b2e40, 0x000001765a4e22a0,
0x000001766210f320, 0x000001766210aaf0, 0x00000176621090b0, 0x000001766210b810,
0x000001766210b180, 0x000001766210bea0, 0x000001766210f9b0, 0x00000176621106d0,
0x0000017662109740, 0x0000017662110040, 0x000001766210c530, 0x000001766210cbc0,
0x000001766210d250, 0x0000017662110d60, 0x0000017662109dd0, 0x00000176621113f0,
0x000001766210a460
}

Java Threads: ( => current thread )
  0x00000176316f6350 JavaThread "main"                              [_thread_blocked, id=17684, stack(0x00000020b1b00000,0x00000020b1c00000) (1024K)]
  0x000001764c8e3d00 JavaThread "Reference Handler"          daemon [_thread_blocked, id=8480, stack(0x00000020b2300000,0x00000020b2400000) (1024K)]
  0x000001764c8e4b20 JavaThread "Finalizer"                  daemon [_thread_blocked, id=10928, stack(0x00000020b2400000,0x00000020b2500000) (1024K)]
  0x000001764c8e5e20 JavaThread "Signal Dispatcher"          daemon [_thread_blocked, id=14772, stack(0x00000020b2500000,0x00000020b2600000) (1024K)]
  0x000001764c8fe500 JavaThread "Attach Listener"            daemon [_thread_blocked, id=4392, stack(0x00000020b2600000,0x00000020b2700000) (1024K)]
  0x000001764c8fff70 JavaThread "Service Thread"             daemon [_thread_blocked, id=17792, stack(0x00000020b2700000,0x00000020b2800000) (1024K)]
  0x000001764c8eabc0 JavaThread "Monitor Deflation Thread"   daemon [_thread_blocked, id=11240, stack(0x00000020b2800000,0x00000020b2900000) (1024K)]
  0x000001764c908dd0 JavaThread "C2 CompilerThread0"         daemon [_thread_blocked, id=1808, stack(0x00000020b2900000,0x00000020b2a00000) (1024K)]
  0x000001764c909870 JavaThread "C1 CompilerThread0"         daemon [_thread_blocked, id=16996, stack(0x00000020b2a00000,0x00000020b2b00000) (1024K)]
  0x000001764ca6ad80 JavaThread "Common-Cleaner"             daemon [_thread_blocked, id=15420, stack(0x00000020b2b00000,0x00000020b2c00000) (1024K)]
  0x000001764c31e830 JavaThread "C1 CompilerThread1"         daemon [_thread_blocked, id=5800, stack(0x00000020b2c00000,0x00000020b2d00000) (1024K)]
  0x000001764cadfd90 JavaThread "C1 CompilerThread2"         daemon [_thread_blocked, id=4508, stack(0x00000020b2d00000,0x00000020b2e00000) (1024K)]
  0x000001764cb97360 JavaThread "Notification Thread"        daemon [_thread_blocked, id=2272, stack(0x00000020b2e00000,0x00000020b2f00000) (1024K)]
=>0x000001765114cce0 JavaThread "C2 CompilerThread1"         daemon [_thread_in_native, id=9836, stack(0x00000020b2f00000,0x00000020b3000000) (1024K)]
  0x0000017651cdd9f0 JavaThread "C1 CompilerThread3"         daemon [_thread_blocked, id=12404, stack(0x00000020b3700000,0x00000020b3800000) (1024K)]
  0x0000017652dbdfe0 JavaThread "Daemon health stats"               [_thread_blocked, id=13684, stack(0x00000020b3800000,0x00000020b3900000) (1024K)]
  0x0000017652e1b630 JavaThread "Incoming local TCP Connector on port 60124"        [_thread_in_native, id=8196, stack(0x00000020b3900000,0x00000020b3a00000) (1024K)]
  0x0000017652bfeba0 JavaThread "Daemon periodic checks"            [_thread_blocked, id=9536, stack(0x00000020b3a00000,0x00000020b3b00000) (1024K)]
  0x0000017652ab1c30 JavaThread "Daemon"                            [_thread_blocked, id=12312, stack(0x00000020b3b00000,0x00000020b3c00000) (1024K)]
  0x0000017652ab22a0 JavaThread "Handler for socket connection from /127.0.0.1:60124 to /127.0.0.1:60125"        [_thread_in_native, id=3576, stack(0x00000020b3c00000,0x00000020b3d00000) (1024K)]
  0x00000176530243a0 JavaThread "Cancel handler"                    [_thread_blocked, id=14024, stack(0x00000020b3d00000,0x00000020b3e00000) (1024K)]
  0x0000017653026a20 JavaThread "Daemon worker"                     [_thread_in_vm, id=14388, stack(0x00000020b3e00000,0x00000020b3f00000) (1024K)]
  0x000001765302ac40 JavaThread "Asynchronous log dispatcher for DefaultDaemonConnection: socket connection from /127.0.0.1:60124 to /127.0.0.1:60125"        [_thread_blocked, id=15664, stack(0x00000020b3f00000,0x00000020b4000000) (1024K)]
  0x000001765302d3a0 JavaThread "Stdin handler"                     [_thread_blocked, id=9832, stack(0x00000020b4000000,0x00000020b4100000) (1024K)]
  0x000001765302b960 JavaThread "Daemon client event forwarder"        [_thread_blocked, id=12400, stack(0x00000020b4100000,0x00000020b4200000) (1024K)]
  0x000001765302e0c0 JavaThread "Cache worker for journal cache (C:\Users\medinarc25\.gradle\caches\journal-1)"        [_thread_blocked, id=1972, stack(0x00000020b5200000,0x00000020b5300000) (1024K)]
  0x000001765302bff0 JavaThread "File lock request listener"        [_thread_in_native, id=16336, stack(0x00000020b5300000,0x00000020b5400000) (1024K)]
  0x000001765302cd10 JavaThread "Cache worker for file hash cache (C:\Users\medinarc25\.gradle\caches\8.9\fileHashes)"        [_thread_blocked, id=18252, stack(0x00000020b5400000,0x00000020b5500000) (1024K)]
  0x000001765302c680 JavaThread "Cache worker for file hash cache (C:\Users\medinarc25\AndroidStudioProjects\AppInterface1\.gradle\8.9\fileHashes)"        [_thread_blocked, id=4512, stack(0x00000020b5500000,0x00000020b5600000) (1024K)]
  0x000001765302da30 JavaThread "Cache worker for Build Output Cleanup Cache (C:\Users\medinarc25\AndroidStudioProjects\AppInterface1\.gradle\buildOutputCleanup)"        [_thread_blocked, id=15148, stack(0x00000020b5600000,0x00000020b5700000) (1024K)]
  0x0000017655a42ee0 JavaThread "File watcher server"        daemon [_thread_in_native, id=2044, stack(0x00000020b5700000,0x00000020b5800000) (1024K)]
  0x0000017655a44920 JavaThread "File watcher consumer"      daemon [_thread_blocked, id=15392, stack(0x00000020b5800000,0x00000020b5900000) (1024K)]
  0x0000017655a414a0 JavaThread "jar transforms"                    [_thread_blocked, id=13488, stack(0x00000020b5900000,0x00000020b5a00000) (1024K)]
  0x0000017655a45640 JavaThread "jar transforms Thread 2"           [_thread_blocked, id=16408, stack(0x00000020b5a00000,0x00000020b5b00000) (1024K)]
  0x0000017655a44fb0 JavaThread "jar transforms Thread 3"           [_thread_blocked, id=8844, stack(0x00000020b5b00000,0x00000020b5c00000) (1024K)]
  0x0000017655a45cd0 JavaThread "jar transforms Thread 4"           [_thread_blocked, id=7836, stack(0x00000020b5c00000,0x00000020b5d00000) (1024K)]
  0x0000017655a42850 JavaThread "jar transforms Thread 5"           [_thread_blocked, id=14904, stack(0x00000020b5d00000,0x00000020b5e00000) (1024K)]
  0x0000017655a40780 JavaThread "jar transforms Thread 6"           [_thread_blocked, id=5824, stack(0x00000020b5e00000,0x00000020b5f00000) (1024K)]
  0x0000017655a41b30 JavaThread "jar transforms Thread 7"           [_thread_blocked, id=14328, stack(0x00000020b5f00000,0x00000020b6000000) (1024K)]
  0x0000017655a40e10 JavaThread "jar transforms Thread 8"           [_thread_blocked, id=17076, stack(0x00000020b6000000,0x00000020b6100000) (1024K)]
  0x0000017655a46360 JavaThread "jar transforms Thread 9"           [_thread_blocked, id=2788, stack(0x00000020b6100000,0x00000020b6200000) (1024K)]
  0x0000017655a421c0 JavaThread "jar transforms Thread 10"          [_thread_blocked, id=14900, stack(0x00000020b6200000,0x00000020b6300000) (1024K)]
  0x0000017655a469f0 JavaThread "jar transforms Thread 11"          [_thread_blocked, id=14036, stack(0x00000020b6300000,0x00000020b6400000) (1024K)]
  0x0000017655a3fa60 JavaThread "jar transforms Thread 12"          [_thread_blocked, id=17892, stack(0x00000020b6400000,0x00000020b6500000) (1024K)]
  0x0000017655a43570 JavaThread "jar transforms Thread 13"          [_thread_blocked, id=12772, stack(0x00000020b6500000,0x00000020b6600000) (1024K)]
  0x0000017655a43c00 JavaThread "jar transforms Thread 14"          [_thread_blocked, id=2312, stack(0x00000020b6600000,0x00000020b6700000) (1024K)]
  0x0000017655a44290 JavaThread "jar transforms Thread 15"          [_thread_blocked, id=16236, stack(0x00000020b6700000,0x00000020b6800000) (1024K)]
  0x0000017655a47080 JavaThread "jar transforms Thread 16"          [_thread_blocked, id=3712, stack(0x00000020b6800000,0x00000020b6900000) (1024K)]
  0x0000017655a400f0 JavaThread "jar transforms Thread 17"          [_thread_blocked, id=14584, stack(0x00000020b6900000,0x00000020b6a00000) (1024K)]
  0x00000176561dabe0 JavaThread "jar transforms Thread 18"          [_thread_blocked, id=6852, stack(0x00000020b6a00000,0x00000020b6b00000) (1024K)]
  0x00000176561dccb0 JavaThread "jar transforms Thread 19"          [_thread_blocked, id=7628, stack(0x00000020b6b00000,0x00000020b6c00000) (1024K)]
  0x00000176561dbf90 JavaThread "jar transforms Thread 20"          [_thread_blocked, id=12176, stack(0x00000020b6c00000,0x00000020b6d00000) (1024K)]
  0x00000176561da550 JavaThread "jar transforms Thread 21"          [_thread_blocked, id=10728, stack(0x00000020b6d00000,0x00000020b6e00000) (1024K)]
  0x00000176561db900 JavaThread "Cache worker for checksums cache (C:\Users\medinarc25\AndroidStudioProjects\AppInterface1\.gradle\8.9\checksums)"        [_thread_blocked, id=12096, stack(0x00000020b6e00000,0x00000020b6f00000) (1024K)]
  0x00000176561db270 JavaThread "Cache worker for file content cache (C:\Users\medinarc25\.gradle\caches\8.9\fileContent)"        [_thread_blocked, id=15052, stack(0x00000020b6f00000,0x00000020b7000000) (1024K)]
  0x00000176561dc620 JavaThread "Cache worker for cache directory md-rule (C:\Users\medinarc25\.gradle\caches\8.9\md-rule)"        [_thread_blocked, id=2756, stack(0x00000020b7000000,0x00000020b7100000) (1024K)]
  0x00000176561dd340 JavaThread "Cache worker for cache directory md-supplier (C:\Users\medinarc25\.gradle\caches\8.9\md-supplier)"        [_thread_blocked, id=16624, stack(0x00000020b7100000,0x00000020b7200000) (1024K)]
  0x00000176561d9ec0 JavaThread "jar transforms Thread 22"          [_thread_blocked, id=12672, stack(0x00000020b7200000,0x00000020b7300000) (1024K)]
  0x0000017656826730 JavaThread "jar transforms Thread 23"          [_thread_blocked, id=11704, stack(0x00000020b7300000,0x00000020b7400000) (1024K)]
  0x000001765682dd50 JavaThread "jar transforms Thread 24"          [_thread_blocked, id=12680, stack(0x00000020b7500000,0x00000020b7600000) (1024K)]
  0x000001765682bc80 JavaThread "Unconstrained build operations"        [_thread_blocked, id=15740, stack(0x00000020b7600000,0x00000020b7700000) (1024K)]
  0x0000017656826dc0 JavaThread "Unconstrained build operations Thread 2"        [_thread_blocked, id=14988, stack(0x00000020b7700000,0x00000020b7800000) (1024K)]
  0x000001765682af60 JavaThread "Unconstrained build operations Thread 3"        [_thread_blocked, id=15200, stack(0x00000020b7800000,0x00000020b7900000) (1024K)]
  0x000001765682c310 JavaThread "Unconstrained build operations Thread 4"        [_thread_blocked, id=14128, stack(0x00000020b7900000,0x00000020b7a00000) (1024K)]
  0x000001765682c9a0 JavaThread "Unconstrained build operations Thread 5"        [_thread_blocked, id=9776, stack(0x00000020b7a00000,0x00000020b7b00000) (1024K)]
  0x0000017656829bb0 JavaThread "Unconstrained build operations Thread 6"        [_thread_blocked, id=12648, stack(0x00000020b7b00000,0x00000020b7c00000) (1024K)]
  0x0000017656828e90 JavaThread "Unconstrained build operations Thread 7"        [_thread_blocked, id=15544, stack(0x00000020b7c00000,0x00000020b7d00000) (1024K)]
  0x000001765682d6c0 JavaThread "Unconstrained build operations Thread 8"        [_thread_blocked, id=17756, stack(0x00000020b7d00000,0x00000020b7e00000) (1024K)]
  0x000001765682d030 JavaThread "Unconstrained build operations Thread 9"        [_thread_blocked, id=15204, stack(0x00000020b7e00000,0x00000020b7f00000) (1024K)]
  0x0000017656827450 JavaThread "Unconstrained build operations Thread 10"        [_thread_blocked, id=18084, stack(0x00000020b7f00000,0x00000020b8000000) (1024K)]
  0x0000017656828170 JavaThread "Unconstrained build operations Thread 11"        [_thread_blocked, id=17548, stack(0x00000020b8000000,0x00000020b8100000) (1024K)]
  0x0000017656828800 JavaThread "Unconstrained build operations Thread 12"        [_thread_blocked, id=2736, stack(0x00000020b8100000,0x00000020b8200000) (1024K)]
  0x000001765682a240 JavaThread "Unconstrained build operations Thread 13"        [_thread_blocked, id=13088, stack(0x00000020b8200000,0x00000020b8300000) (1024K)]
  0x00000176543201b0 JavaThread "Unconstrained build operations Thread 14"        [_thread_blocked, id=3420, stack(0x00000020b8300000,0x00000020b8400000) (1024K)]
  0x000001765431fb20 JavaThread "Unconstrained build operations Thread 15"        [_thread_blocked, id=5792, stack(0x00000020b8400000,0x00000020b8500000) (1024K)]
  0x000001765431e0e0 JavaThread "Unconstrained build operations Thread 16"        [_thread_blocked, id=18424, stack(0x00000020b8500000,0x00000020b8600000) (1024K)]
  0x000001765431ee00 JavaThread "Unconstrained build operations Thread 17"        [_thread_blocked, id=1700, stack(0x00000020b8600000,0x00000020b8700000) (1024K)]
  0x00000176543249e0 JavaThread "Unconstrained build operations Thread 18"        [_thread_blocked, id=2524, stack(0x00000020b8700000,0x00000020b8800000) (1024K)]
  0x0000017654322fa0 JavaThread "Unconstrained build operations Thread 19"        [_thread_blocked, id=2220, stack(0x00000020b8800000,0x00000020b8900000) (1024K)]
  0x0000017654321bf0 JavaThread "Unconstrained build operations Thread 20"        [_thread_blocked, id=296, stack(0x00000020b8900000,0x00000020b8a00000) (1024K)]
  0x0000017654323cc0 JavaThread "Unconstrained build operations Thread 21"        [_thread_blocked, id=3084, stack(0x00000020b8a00000,0x00000020b8b00000) (1024K)]
  0x000001765a4f3770 JavaThread "C2 CompilerThread2"         daemon [_thread_blocked, id=7748, stack(0x00000020b3000000,0x00000020b3100000) (1024K)]
  0x000001765a4f6720 JavaThread "C2 CompilerThread3"         daemon [_thread_blocked, id=18232, stack(0x00000020b3100000,0x00000020b3200000) (1024K)]
  0x000001765a4f3e40 JavaThread "C2 CompilerThread4"         daemon [_thread_blocked, id=9468, stack(0x00000020b7400000,0x00000020b7500000) (1024K)]
  0x000001765a4f9000 JavaThread "C2 CompilerThread5"         daemon [_thread_blocked, id=12496, stack(0x00000020b8b00000,0x00000020b8c00000) (1024K)]
  0x00000176521b62c0 JavaThread "Unconstrained build operations Thread 22"        [_thread_blocked, id=1564, stack(0x00000020b8d00000,0x00000020b8e00000) (1024K)]
  0x00000176521b0050 JavaThread "Unconstrained build operations Thread 23"        [_thread_blocked, id=11720, stack(0x00000020b8e00000,0x00000020b8f00000) (1024K)]
  0x00000176521af330 JavaThread "Unconstrained build operations Thread 24"        [_thread_blocked, id=17196, stack(0x00000020b8f00000,0x00000020b9000000) (1024K)]
  0x0000017657db3360 JavaThread "Unconstrained build operations Thread 25"        [_thread_blocked, id=440, stack(0x00000020b9000000,0x00000020b9100000) (1024K)]
  0x0000017657db4da0 JavaThread "Unconstrained build operations Thread 26"        [_thread_blocked, id=4084, stack(0x00000020b9100000,0x00000020b9200000) (1024K)]
  0x0000017658b8b490 JavaThread "Unconstrained build operations Thread 27"        [_thread_blocked, id=18324, stack(0x00000020b9200000,0x00000020b9300000) (1024K)]
  0x0000017658b88010 JavaThread "Unconstrained build operations Thread 28"        [_thread_blocked, id=8120, stack(0x00000020b9300000,0x00000020b9400000) (1024K)]
  0x0000017658b8d560 JavaThread "Unconstrained build operations Thread 29"        [_thread_blocked, id=9424, stack(0x00000020b9400000,0x00000020b9500000) (1024K)]
  0x0000017658b8ae00 JavaThread "Unconstrained build operations Thread 30"        [_thread_blocked, id=10872, stack(0x00000020b9500000,0x00000020b9600000) (1024K)]
  0x0000017658b8bb20 JavaThread "Unconstrained build operations Thread 31"        [_thread_blocked, id=16812, stack(0x00000020b9600000,0x00000020b9700000) (1024K)]
  0x0000017658b8a0e0 JavaThread "Unconstrained build operations Thread 32"        [_thread_blocked, id=10296, stack(0x00000020b9700000,0x00000020b9800000) (1024K)]
  0x0000017658b8f630 JavaThread "Unconstrained build operations Thread 33"        [_thread_blocked, id=10244, stack(0x00000020b9800000,0x00000020b9900000) (1024K)]
  0x0000017658b886a0 JavaThread "Unconstrained build operations Thread 34"        [_thread_blocked, id=9044, stack(0x00000020b9900000,0x00000020b9a00000) (1024K)]
  0x0000017658b89a50 JavaThread "Unconstrained build operations Thread 35"        [_thread_blocked, id=12028, stack(0x00000020b9a00000,0x00000020b9b00000) (1024K)]
  0x0000017658b88d30 JavaThread "Unconstrained build operations Thread 36"        [_thread_blocked, id=5144, stack(0x00000020b9b00000,0x00000020b9c00000) (1024K)]
  0x0000017658b8a770 JavaThread "Unconstrained build operations Thread 37"        [_thread_blocked, id=14580, stack(0x00000020b9c00000,0x00000020b9d00000) (1024K)]
  0x0000017658b8dbf0 JavaThread "Unconstrained build operations Thread 38"        [_thread_blocked, id=6300, stack(0x00000020b9d00000,0x00000020b9e00000) (1024K)]
  0x0000017658b893c0 JavaThread "Unconstrained build operations Thread 39"        [_thread_blocked, id=2428, stack(0x00000020b9e00000,0x00000020b9f00000) (1024K)]
  0x0000017658b8e280 JavaThread "Unconstrained build operations Thread 40"        [_thread_blocked, id=1784, stack(0x00000020b9f00000,0x00000020ba000000) (1024K)]
  0x0000017658b8e910 JavaThread "Unconstrained build operations Thread 41"        [_thread_blocked, id=14132, stack(0x00000020ba000000,0x00000020ba100000) (1024K)]
  0x0000017658b8efa0 JavaThread "Unconstrained build operations Thread 42"        [_thread_blocked, id=16884, stack(0x00000020ba100000,0x00000020ba200000) (1024K)]
  0x0000017658b8c1b0 JavaThread "Unconstrained build operations Thread 43"        [_thread_blocked, id=9828, stack(0x00000020ba200000,0x00000020ba300000) (1024K)]
  0x0000017658b8c840 JavaThread "Unconstrained build operations Thread 44"        [_thread_blocked, id=14104, stack(0x00000020ba300000,0x00000020ba400000) (1024K)]
  0x0000017658b6d530 JavaThread "Unconstrained build operations Thread 45"        [_thread_blocked, id=8408, stack(0x00000020ba400000,0x00000020ba500000) (1024K)]
  0x0000017658b6b460 JavaThread "Unconstrained build operations Thread 46"        [_thread_blocked, id=16552, stack(0x00000020ba500000,0x00000020ba600000) (1024K)]
  0x0000017658b68d00 JavaThread "Unconstrained build operations Thread 47"        [_thread_blocked, id=2056, stack(0x00000020ba600000,0x00000020ba700000) (1024K)]
  0x0000017658b6c180 JavaThread "Unconstrained build operations Thread 48"        [_thread_blocked, id=8240, stack(0x00000020ba700000,0x00000020ba800000) (1024K)]
  0x0000017658b69a20 JavaThread "Unconstrained build operations Thread 49"        [_thread_blocked, id=11648, stack(0x00000020ba800000,0x00000020ba900000) (1024K)]
  0x0000017658b68670 JavaThread "Unconstrained build operations Thread 50"        [_thread_blocked, id=17616, stack(0x00000020ba900000,0x00000020baa00000) (1024K)]
  0x0000017658b6baf0 JavaThread "Unconstrained build operations Thread 51"        [_thread_blocked, id=15848, stack(0x00000020baa00000,0x00000020bab00000) (1024K)]
  0x0000017658b6e8e0 JavaThread "Unconstrained build operations Thread 52"        [_thread_blocked, id=18132, stack(0x00000020bab00000,0x00000020bac00000) (1024K)]
  0x0000017658b6dbc0 JavaThread "Unconstrained build operations Thread 53"        [_thread_blocked, id=7148, stack(0x00000020bac00000,0x00000020bad00000) (1024K)]
  0x0000017658b6a0b0 JavaThread "Unconstrained build operations Thread 54"        [_thread_blocked, id=7676, stack(0x00000020bad00000,0x00000020bae00000) (1024K)]
  0x0000017658b69390 JavaThread "Unconstrained build operations Thread 55"        [_thread_blocked, id=11400, stack(0x00000020bae00000,0x00000020baf00000) (1024K)]
  0x0000017658b6a740 JavaThread "Unconstrained build operations Thread 56"        [_thread_blocked, id=6688, stack(0x00000020baf00000,0x00000020bb000000) (1024K)]
  0x0000017658b6c810 JavaThread "Unconstrained build operations Thread 57"        [_thread_blocked, id=12016, stack(0x00000020bb000000,0x00000020bb100000) (1024K)]
  0x0000017658b6add0 JavaThread "Unconstrained build operations Thread 58"        [_thread_blocked, id=14452, stack(0x00000020bb100000,0x00000020bb200000) (1024K)]
  0x0000017658b6e250 JavaThread "Unconstrained build operations Thread 59"        [_thread_blocked, id=9268, stack(0x00000020bb200000,0x00000020bb300000) (1024K)]
  0x0000017658b6cea0 JavaThread "Unconstrained build operations Thread 60"        [_thread_blocked, id=13904, stack(0x00000020bb300000,0x00000020bb400000) (1024K)]
  0x0000017658b6ef70 JavaThread "Unconstrained build operations Thread 61"        [_thread_blocked, id=7552, stack(0x00000020bb400000,0x00000020bb500000) (1024K)]
  0x0000017658b67fe0 JavaThread "Unconstrained build operations Thread 62"        [_thread_blocked, id=6292, stack(0x00000020bb500000,0x00000020bb600000) (1024K)]
  0x0000017658b6f600 JavaThread "Unconstrained build operations Thread 63"        [_thread_blocked, id=5724, stack(0x00000020bb600000,0x00000020bb700000) (1024K)]
  0x00000176521b27b0 JavaThread "Unconstrained build operations Thread 64"        [_thread_blocked, id=16184, stack(0x00000020bb700000,0x00000020bb800000) (1024K)]
  0x00000176521aeca0 JavaThread "Unconstrained build operations Thread 65"        [_thread_blocked, id=9656, stack(0x00000020bb800000,0x00000020bb900000) (1024K)]
  0x00000176521af9c0 JavaThread "Unconstrained build operations Thread 66"        [_thread_blocked, id=11436, stack(0x00000020bb900000,0x00000020bba00000) (1024K)]
  0x00000176521b41f0 JavaThread "Unconstrained build operations Thread 67"        [_thread_blocked, id=7760, stack(0x00000020bba00000,0x00000020bbb00000) (1024K)]
  0x00000176521b55a0 JavaThread "Unconstrained build operations Thread 68"        [_thread_blocked, id=11292, stack(0x00000020bbb00000,0x00000020bbc00000) (1024K)]
  0x00000176521b1400 JavaThread "Unconstrained build operations Thread 69"        [_thread_blocked, id=12104, stack(0x00000020bbc00000,0x00000020bbd00000) (1024K)]
  0x00000176521b2120 JavaThread "Unconstrained build operations Thread 70"        [_thread_blocked, id=1892, stack(0x00000020bbd00000,0x00000020bbe00000) (1024K)]
  0x00000176521b2e40 JavaThread "Unconstrained build operations Thread 71"        [_thread_blocked, id=4448, stack(0x00000020bbe00000,0x00000020bbf00000) (1024K)]
  0x000001765a4e22a0 JavaThread "Unconstrained build operations Thread 72"        [_thread_blocked, id=15044, stack(0x00000020bbf00000,0x00000020bc000000) (1024K)]
  0x000001766210f320 JavaThread "Unconstrained build operations Thread 73"        [_thread_blocked, id=15928, stack(0x00000020bc000000,0x00000020bc100000) (1024K)]
  0x000001766210aaf0 JavaThread "Unconstrained build operations Thread 74"        [_thread_blocked, id=6680, stack(0x00000020bc100000,0x00000020bc200000) (1024K)]
  0x00000176621090b0 JavaThread "Unconstrained build operations Thread 75"        [_thread_blocked, id=4424, stack(0x00000020bc200000,0x00000020bc300000) (1024K)]
  0x000001766210b810 JavaThread "Unconstrained build operations Thread 76"        [_thread_blocked, id=8800, stack(0x00000020bc300000,0x00000020bc400000) (1024K)]
  0x000001766210b180 JavaThread "Unconstrained build operations Thread 77"        [_thread_blocked, id=16948, stack(0x00000020bc400000,0x00000020bc500000) (1024K)]
  0x000001766210bea0 JavaThread "Unconstrained build operations Thread 78"        [_thread_blocked, id=16180, stack(0x00000020bc500000,0x00000020bc600000) (1024K)]
  0x000001766210f9b0 JavaThread "Unconstrained build operations Thread 79"        [_thread_blocked, id=10552, stack(0x00000020bc600000,0x00000020bc700000) (1024K)]
  0x00000176621106d0 JavaThread "Unconstrained build operations Thread 80"        [_thread_blocked, id=3088, stack(0x00000020bc700000,0x00000020bc800000) (1024K)]
  0x0000017662109740 JavaThread "Unconstrained build operations Thread 81"        [_thread_blocked, id=1812, stack(0x00000020bc800000,0x00000020bc900000) (1024K)]
  0x0000017662110040 JavaThread "Unconstrained build operations Thread 82"        [_thread_blocked, id=8488, stack(0x00000020bc900000,0x00000020bca00000) (1024K)]
  0x000001766210c530 JavaThread "Unconstrained build operations Thread 83"        [_thread_blocked, id=14804, stack(0x00000020bca00000,0x00000020bcb00000) (1024K)]
  0x000001766210cbc0 JavaThread "Unconstrained build operations Thread 84"        [_thread_blocked, id=11204, stack(0x00000020bcb00000,0x00000020bcc00000) (1024K)]
  0x000001766210d250 JavaThread "Unconstrained build operations Thread 85"        [_thread_blocked, id=2608, stack(0x00000020bcc00000,0x00000020bcd00000) (1024K)]
  0x0000017662110d60 JavaThread "Unconstrained build operations Thread 86"        [_thread_blocked, id=14192, stack(0x00000020bcd00000,0x00000020bce00000) (1024K)]
  0x0000017662109dd0 JavaThread "Unconstrained build operations Thread 87"        [_thread_blocked, id=8164, stack(0x00000020bce00000,0x00000020bcf00000) (1024K)]
  0x00000176621113f0 JavaThread "Unconstrained build operations Thread 88"        [_thread_blocked, id=13744, stack(0x00000020bcf00000,0x00000020bd000000) (1024K)]
  0x000001766210a460 JavaThread "Unconstrained build operations Thread 89"        [_thread_blocked, id=16824, stack(0x00000020bd000000,0x00000020bd100000) (1024K)]
  0x000001766210df70 JavaThread "Unconstrained build operations Thread 90"        [_thread_blocked, id=11532, stack(0x00000020bd100000,0x00000020bd200000) (1024K)]
Total: 154

Other Threads:
  0x000001764c841320 VMThread "VM Thread"                           [id=4492, stack(0x00000020b2200000,0x00000020b2300000) (1024K)]
  0x000001764c820eb0 WatcherThread "VM Periodic Task Thread"        [id=10280, stack(0x00000020b2100000,0x00000020b2200000) (1024K)]
  0x0000017633aa76e0 WorkerThread "GC Thread#0"                     [id=13712, stack(0x00000020b1c00000,0x00000020b1d00000) (1024K)]
  0x00000176511e86d0 WorkerThread "GC Thread#1"                     [id=16640, stack(0x00000020b3200000,0x00000020b3300000) (1024K)]
  0x000001765186aa70 WorkerThread "GC Thread#2"                     [id=12528, stack(0x00000020b3300000,0x00000020b3400000) (1024K)]
  0x00000176519c51f0 WorkerThread "GC Thread#3"                     [id=17832, stack(0x00000020b3400000,0x00000020b3500000) (1024K)]
  0x00000176519c5590 WorkerThread "GC Thread#4"                     [id=12908, stack(0x00000020b3500000,0x00000020b3600000) (1024K)]
  0x00000176519c5930 WorkerThread "GC Thread#5"                     [id=15820, stack(0x00000020b3600000,0x00000020b3700000) (1024K)]
  0x000001765304f020 WorkerThread "GC Thread#6"                     [id=2316, stack(0x00000020b4200000,0x00000020b4300000) (1024K)]
  0x000001765304f3c0 WorkerThread "GC Thread#7"                     [id=16684, stack(0x00000020b4300000,0x00000020b4400000) (1024K)]
  0x000001765304f760 WorkerThread "GC Thread#8"                     [id=7852, stack(0x00000020b4400000,0x00000020b4500000) (1024K)]
  0x00000176530578f0 WorkerThread "GC Thread#9"                     [id=15728, stack(0x00000020b4500000,0x00000020b4600000) (1024K)]
  0x0000017653057c90 WorkerThread "GC Thread#10"                    [id=8160, stack(0x00000020b4600000,0x00000020b4700000) (1024K)]
  0x0000017653058030 WorkerThread "GC Thread#11"                    [id=9444, stack(0x00000020b4700000,0x00000020b4800000) (1024K)]
  0x00000176530583d0 WorkerThread "GC Thread#12"                    [id=5508, stack(0x00000020b4800000,0x00000020b4900000) (1024K)]
  0x0000017652f8b7b0 WorkerThread "GC Thread#13"                    [id=8248, stack(0x00000020b4900000,0x00000020b4a00000) (1024K)]
  0x0000017652f8b070 WorkerThread "GC Thread#14"                    [id=7736, stack(0x00000020b4a00000,0x00000020b4b00000) (1024K)]
  0x0000017652f8b410 WorkerThread "GC Thread#15"                    [id=18052, stack(0x00000020b4b00000,0x00000020b4c00000) (1024K)]
  0x0000017652f8bb50 WorkerThread "GC Thread#16"                    [id=17552, stack(0x00000020b4c00000,0x00000020b4d00000) (1024K)]
  0x0000017652f8a930 WorkerThread "GC Thread#17"                    [id=10228, stack(0x00000020b4d00000,0x00000020b4e00000) (1024K)]
  0x0000017633ab8830 ConcurrentGCThread "G1 Main Marker"            [id=12956, stack(0x00000020b1d00000,0x00000020b1e00000) (1024K)]
  0x0000017633ab9ad0 WorkerThread "G1 Conc#0"                       [id=16632, stack(0x00000020b1e00000,0x00000020b1f00000) (1024K)]
  0x0000017652f8a590 WorkerThread "G1 Conc#1"                       [id=16092, stack(0x00000020b4e00000,0x00000020b4f00000) (1024K)]
  0x0000017652f8bef0 WorkerThread "G1 Conc#2"                       [id=1656, stack(0x00000020b4f00000,0x00000020b5000000) (1024K)]
  0x0000017652f8acd0 WorkerThread "G1 Conc#3"                       [id=9084, stack(0x00000020b5000000,0x00000020b5100000) (1024K)]
  0x0000017652fa3930 WorkerThread "G1 Conc#4"                       [id=8080, stack(0x00000020b5100000,0x00000020b5200000) (1024K)]
  0x000001764c2701c0 ConcurrentGCThread "G1 Refine#0"               [id=3280, stack(0x00000020b1f00000,0x00000020b2000000) (1024K)]
  0x000001764c2709e0 ConcurrentGCThread "G1 Service"                [id=3104, stack(0x00000020b2000000,0x00000020b2100000) (1024K)]
Total: 28

Threads with active compile tasks:
C2 CompilerThread1     7025 15494 % !   4       java.util.concurrent.ConcurrentHashMap::transfer @ 372 (849 bytes)
Total: 1

VM state: not at safepoint (normal execution)

VM Mutex/Monitor currently owned by a thread: None

Heap address: 0x0000000080000000, size: 2048 MB, Compressed Oops mode: 32-bit

CDS archive(s) not mapped
Compressed class space mapped at: 0x0000000100000000-0x0000000140000000, reserved size: 1073741824
Narrow klass base: 0x0000000000000000, Narrow klass shift: 3, Narrow klass range: 0x140000000

GC Precious Log:
 CardTable entry size: 512
 Card Set container configuration: InlinePtr #cards 5 size 8 Array Of Cards #cards 12 size 40 Howl #buckets 4 coarsen threshold 1843 Howl Bitmap #cards 512 size 80 coarsen threshold 460 Card regions per heap region 1 cards per card region 2048
 CPUs: 24 total, 24 available
 Memory: 16072M
 Large Page Support: Disabled
 NUMA Support: Disabled
 Compressed Oops: Enabled (32-bit)
 Heap Region Size: 1M
 Heap Min Capacity: 8M
 Heap Initial Capacity: 252M
 Heap Max Capacity: 2G
 Pre-touch: Disabled
 Parallel Workers: 18
 Concurrent Workers: 5
 Concurrent Refinement Workers: 18
 Periodic GC: Disabled

Heap:
 garbage-first heap   total 232448K, used 142563K [0x0000000080000000, 0x0000000100000000)
  region size 1024K, 22 young (22528K), 6 survivors (6144K)
 Metaspace       used 148065K, committed 150272K, reserved 1245184K
  class space    used 18970K, committed 20032K, reserved 1048576K

Heap Regions: E=young(eden), S=young(survivor), O=old, HS=humongous(starts), HC=humongous(continues), CS=collection set, F=free, TAMS=top-at-mark-start, PB=parsable bottom
|   0|0x0000000080000000, 0x0000000080100000, 0x0000000080100000|100%|HS|  |TAMS 0x0000000080000000| PB 0x0000000080000000| Complete 
|   1|0x0000000080100000, 0x0000000080200000, 0x0000000080200000|100%|HC|  |TAMS 0x0000000080100000| PB 0x0000000080100000| Complete 
|   2|0x0000000080200000, 0x0000000080300000, 0x0000000080300000|100%|HC|  |TAMS 0x0000000080200000| PB 0x0000000080200000| Complete 
|   3|0x0000000080300000, 0x0000000080400000, 0x0000000080400000|100%|HC|  |TAMS 0x0000000080300000| PB 0x0000000080300000| Complete 
|   4|0x0000000080400000, 0x0000000080500000, 0x0000000080500000|100%| O|  |TAMS 0x0000000080400000| PB 0x0000000080400000| Untracked 
|   5|0x0000000080500000, 0x0000000080600000, 0x0000000080600000|100%| O|  |TAMS 0x0000000080500000| PB 0x0000000080500000| Untracked 
|   6|0x0000000080600000, 0x0000000080700000, 0x0000000080700000|100%| O|  |TAMS 0x0000000080600000| PB 0x0000000080600000| Untracked 
|   7|0x0000000080700000, 0x0000000080800000, 0x0000000080800000|100%| O|  |TAMS 0x0000000080700000| PB 0x0000000080700000| Untracked 
|   8|0x0000000080800000, 0x0000000080900000, 0x0000000080900000|100%| O|  |TAMS 0x0000000080800000| PB 0x0000000080800000| Untracked 
|   9|0x0000000080900000, 0x0000000080a00000, 0x0000000080a00000|100%| O|  |TAMS 0x0000000080900000| PB 0x0000000080900000| Untracked 
|  10|0x0000000080a00000, 0x0000000080b00000, 0x0000000080b00000|100%| O|  |TAMS 0x0000000080a00000| PB 0x0000000080a00000| Untracked 
|  11|0x0000000080b00000, 0x0000000080c00000, 0x0000000080c00000|100%|HS|  |TAMS 0x0000000080b00000| PB 0x0000000080b00000| Complete 
|  12|0x0000000080c00000, 0x0000000080d00000, 0x0000000080d00000|100%|HS|  |TAMS 0x0000000080c00000| PB 0x0000000080c00000| Complete 
|  13|0x0000000080d00000, 0x0000000080e00000, 0x0000000080e00000|100%|HC|  |TAMS 0x0000000080d00000| PB 0x0000000080d00000| Complete 
|  14|0x0000000080e00000, 0x0000000080f00000, 0x0000000080f00000|100%|HC|  |TAMS 0x0000000080e00000| PB 0x0000000080e00000| Complete 
|  15|0x0000000080f00000, 0x0000000081000000, 0x0000000081000000|100%|HC|  |TAMS 0x0000000080f00000| PB 0x0000000080f00000| Complete 
|  16|0x0000000081000000, 0x0000000081100000, 0x0000000081100000|100%|HC|  |TAMS 0x0000000081000000| PB 0x0000000081000000| Complete 
|  17|0x0000000081100000, 0x0000000081200000, 0x0000000081200000|100%|HS|  |TAMS 0x0000000081100000| PB 0x0000000081100000| Complete 
|  18|0x0000000081200000, 0x0000000081300000, 0x0000000081300000|100%|HC|  |TAMS 0x0000000081200000| PB 0x0000000081200000| Complete 
|  19|0x0000000081300000, 0x0000000081400000, 0x0000000081400000|100%|HS|  |TAMS 0x0000000081300000| PB 0x0000000081300000| Complete 
|  20|0x0000000081400000, 0x0000000081500000, 0x0000000081500000|100%|HC|  |TAMS 0x0000000081400000| PB 0x0000000081400000| Complete 
|  21|0x0000000081500000, 0x0000000081600000, 0x0000000081600000|100%|HC|  |TAMS 0x0000000081500000| PB 0x0000000081500000| Complete 
|  22|0x0000000081600000, 0x0000000081700000, 0x0000000081700000|100%|HS|  |TAMS 0x0000000081600000| PB 0x0000000081600000| Complete 
|  23|0x0000000081700000, 0x0000000081800000, 0x0000000081800000|100%| O|  |TAMS 0x0000000081700000| PB 0x0000000081700000| Untracked 
|  24|0x0000000081800000, 0x0000000081900000, 0x0000000081900000|100%| O|  |TAMS 0x0000000081800000| PB 0x0000000081800000| Untracked 
|  25|0x0000000081900000, 0x0000000081a00000, 0x0000000081a00000|100%| O|  |TAMS 0x0000000081900000| PB 0x0000000081900000| Untracked 
|  26|0x0000000081a00000, 0x0000000081b00000, 0x0000000081b00000|100%| O|  |TAMS 0x0000000081a00000| PB 0x0000000081a00000| Untracked 
|  27|0x0000000081b00000, 0x0000000081c00000, 0x0000000081c00000|100%| O|  |TAMS 0x0000000081b00000| PB 0x0000000081b00000| Untracked 
|  28|0x0000000081c00000, 0x0000000081d00000, 0x0000000081d00000|100%| O|  |TAMS 0x0000000081c00000| PB 0x0000000081c00000| Untracked 
|  29|0x0000000081d00000, 0x0000000081e00000, 0x0000000081e00000|100%| O|  |TAMS 0x0000000081d00000| PB 0x0000000081d00000| Untracked 
|  30|0x0000000081e00000, 0x0000000081f00000, 0x0000000081f00000|100%|HS|  |TAMS 0x0000000081e00000| PB 0x0000000081e00000| Complete 
|  31|0x0000000081f00000, 0x0000000082000000, 0x0000000082000000|100%|HC|  |TAMS 0x0000000081f00000| PB 0x0000000081f00000| Complete 
|  32|0x0000000082000000, 0x0000000082100000, 0x0000000082100000|100%| O|  |TAMS 0x0000000082000000| PB 0x0000000082000000| Untracked 
|  33|0x0000000082100000, 0x0000000082200000, 0x0000000082200000|100%| O|  |TAMS 0x0000000082100000| PB 0x0000000082100000| Untracked 
|  34|0x0000000082200000, 0x0000000082300000, 0x0000000082300000|100%| O|  |TAMS 0x0000000082200000| PB 0x0000000082200000| Untracked 
|  35|0x0000000082300000, 0x0000000082400000, 0x0000000082400000|100%| O|  |TAMS 0x0000000082300000| PB 0x0000000082300000| Untracked 
|  36|0x0000000082400000, 0x0000000082500000, 0x0000000082500000|100%| O|  |TAMS 0x0000000082400000| PB 0x0000000082400000| Untracked 
|  37|0x0000000082500000, 0x0000000082600000, 0x0000000082600000|100%| O|  |TAMS 0x0000000082500000| PB 0x0000000082500000| Untracked 
|  38|0x0000000082600000, 0x0000000082700000, 0x0000000082700000|100%| O|  |TAMS 0x0000000082600000| PB 0x0000000082600000| Untracked 
|  39|0x0000000082700000, 0x0000000082800000, 0x0000000082800000|100%| O|  |TAMS 0x0000000082700000| PB 0x0000000082700000| Untracked 
|  40|0x0000000082800000, 0x0000000082900000, 0x0000000082900000|100%| O|  |TAMS 0x0000000082800000| PB 0x0000000082800000| Untracked 
|  41|0x0000000082900000, 0x0000000082a00000, 0x0000000082a00000|100%|HS|  |TAMS 0x0000000082900000| PB 0x0000000082900000| Complete 
|  42|0x0000000082a00000, 0x0000000082b00000, 0x0000000082b00000|100%| O|  |TAMS 0x0000000082a00000| PB 0x0000000082a00000| Untracked 
|  43|0x0000000082b00000, 0x0000000082c00000, 0x0000000082c00000|100%| O|  |TAMS 0x0000000082b00000| PB 0x0000000082b00000| Untracked 
|  44|0x0000000082c00000, 0x0000000082d00000, 0x0000000082d00000|100%| O|  |TAMS 0x0000000082c00000| PB 0x0000000082c00000| Untracked 
|  45|0x0000000082d00000, 0x0000000082e00000, 0x0000000082e00000|100%| O|  |TAMS 0x0000000082d00000| PB 0x0000000082d00000| Untracked 
|  46|0x0000000082e00000, 0x0000000082f00000, 0x0000000082f00000|100%| O|  |TAMS 0x0000000082e00000| PB 0x0000000082e00000| Untracked 
|  47|0x0000000082f00000, 0x0000000083000000, 0x0000000083000000|100%| O|  |TAMS 0x0000000082f00000| PB 0x0000000082f00000| Untracked 
|  48|0x0000000083000000, 0x0000000083100000, 0x0000000083100000|100%| O|  |TAMS 0x0000000083000000| PB 0x0000000083000000| Untracked 
|  49|0x0000000083100000, 0x0000000083200000, 0x0000000083200000|100%| O|  |TAMS 0x0000000083100000| PB 0x0000000083100000| Untracked 
|  50|0x0000000083200000, 0x0000000083300000, 0x0000000083300000|100%|HS|  |TAMS 0x0000000083200000| PB 0x0000000083200000| Complete 
|  51|0x0000000083300000, 0x0000000083400000, 0x0000000083400000|100%|HC|  |TAMS 0x0000000083300000| PB 0x0000000083300000| Complete 
|  52|0x0000000083400000, 0x0000000083500000, 0x0000000083500000|100%|HC|  |TAMS 0x0000000083400000| PB 0x0000000083400000| Complete 
|  53|0x0000000083500000, 0x0000000083600000, 0x0000000083600000|100%|HC|  |TAMS 0x0000000083500000| PB 0x0000000083500000| Complete 
|  54|0x0000000083600000, 0x0000000083700000, 0x0000000083700000|100%|HC|  |TAMS 0x0000000083600000| PB 0x0000000083600000| Complete 
|  55|0x0000000083700000, 0x0000000083800000, 0x0000000083800000|100%|HS|  |TAMS 0x0000000083700000| PB 0x0000000083700000| Complete 
|  56|0x0000000083800000, 0x0000000083900000, 0x0000000083900000|100%|HC|  |TAMS 0x0000000083800000| PB 0x0000000083800000| Complete 
|  57|0x0000000083900000, 0x0000000083a00000, 0x0000000083a00000|100%|HC|  |TAMS 0x0000000083900000| PB 0x0000000083900000| Complete 
|  58|0x0000000083a00000, 0x0000000083b00000, 0x0000000083b00000|100%|HC|  |TAMS 0x0000000083a00000| PB 0x0000000083a00000| Complete 
|  59|0x0000000083b00000, 0x0000000083c00000, 0x0000000083c00000|100%|HC|  |TAMS 0x0000000083b00000| PB 0x0000000083b00000| Complete 
|  60|0x0000000083c00000, 0x0000000083d00000, 0x0000000083d00000|100%| O|  |TAMS 0x0000000083c00000| PB 0x0000000083c00000| Untracked 
|  61|0x0000000083d00000, 0x0000000083e00000, 0x0000000083e00000|100%| O|Cm|TAMS 0x0000000083d00000| PB 0x0000000083d00000| Complete 
|  62|0x0000000083e00000, 0x0000000083f00000, 0x0000000083f00000|100%| O|Cm|TAMS 0x0000000083e00000| PB 0x0000000083e00000| Complete 
|  63|0x0000000083f00000, 0x0000000084000000, 0x0000000084000000|100%| O|  |TAMS 0x0000000083f00000| PB 0x0000000083f00000| Untracked 
|  64|0x0000000084000000, 0x0000000084100000, 0x0000000084100000|100%| O|  |TAMS 0x0000000084000000| PB 0x0000000084000000| Untracked 
|  65|0x0000000084100000, 0x0000000084200000, 0x0000000084200000|100%| O|  |TAMS 0x0000000084100000| PB 0x0000000084100000| Untracked 
|  66|0x0000000084200000, 0x0000000084300000, 0x0000000084300000|100%| O|  |TAMS 0x0000000084200000| PB 0x0000000084200000| Untracked 
|  67|0x0000000084300000, 0x0000000084400000, 0x0000000084400000|100%| O|  |TAMS 0x0000000084300000| PB 0x0000000084300000| Untracked 
|  68|0x0000000084400000, 0x0000000084500000, 0x0000000084500000|100%| O|  |TAMS 0x0000000084400000| PB 0x0000000084400000| Untracked 
|  69|0x0000000084500000, 0x0000000084600000, 0x0000000084600000|100%|HS|  |TAMS 0x0000000084500000| PB 0x0000000084500000| Complete 
|  70|0x0000000084600000, 0x0000000084700000, 0x0000000084700000|100%|HC|  |TAMS 0x0000000084600000| PB 0x0000000084600000| Complete 
|  71|0x0000000084700000, 0x0000000084800000, 0x0000000084800000|100%|HC|  |TAMS 0x0000000084700000| PB 0x0000000084700000| Complete 
|  72|0x0000000084800000, 0x0000000084900000, 0x0000000084900000|100%|HC|  |TAMS 0x0000000084800000| PB 0x0000000084800000| Complete 
|  73|0x0000000084900000, 0x0000000084a00000, 0x0000000084a00000|100%|HC|  |TAMS 0x0000000084900000| PB 0x0000000084900000| Complete 
|  74|0x0000000084a00000, 0x0000000084b00000, 0x0000000084b00000|100%|HC|  |TAMS 0x0000000084a00000| PB 0x0000000084a00000| Complete 
|  75|0x0000000084b00000, 0x0000000084c00000, 0x0000000084c00000|100%| O|  |TAMS 0x0000000084b00000| PB 0x0000000084b00000| Untracked 
|  76|0x0000000084c00000, 0x0000000084d00000, 0x0000000084d00000|100%| O|  |TAMS 0x0000000084c00000| PB 0x0000000084c00000| Untracked 
|  77|0x0000000084d00000, 0x0000000084e00000, 0x0000000084e00000|100%| O|  |TAMS 0x0000000084d00000| PB 0x0000000084d00000| Untracked 
|  78|0x0000000084e00000, 0x0000000084f00000, 0x0000000084f00000|100%| O|  |TAMS 0x0000000084e00000| PB 0x0000000084e00000| Untracked 
|  79|0x0000000084f00000, 0x0000000085000000, 0x0000000085000000|100%| O|  |TAMS 0x0000000084f00000| PB 0x0000000084f00000| Untracked 
|  80|0x0000000085000000, 0x0000000085100000, 0x0000000085100000|100%| O|  |TAMS 0x0000000085000000| PB 0x0000000085000000| Untracked 
|  81|0x0000000085100000, 0x0000000085200000, 0x0000000085200000|100%| O|  |TAMS 0x0000000085100000| PB 0x0000000085100000| Untracked 
|  82|0x0000000085200000, 0x0000000085200000, 0x0000000085300000|  0%| F|  |TAMS 0x0000000085200000| PB 0x0000000085200000| Untracked 
|  83|0x0000000085300000, 0x0000000085400000, 0x0000000085400000|100%| O|  |TAMS 0x0000000085300000| PB 0x0000000085300000| Untracked 
|  84|0x0000000085400000, 0x0000000085500000, 0x0000000085500000|100%| O|  |TAMS 0x0000000085400000| PB 0x0000000085400000| Untracked 
|  85|0x0000000085500000, 0x0000000085500000, 0x0000000085600000|  0%| F|  |TAMS 0x0000000085500000| PB 0x0000000085500000| Untracked 
|  86|0x0000000085600000, 0x0000000085700000, 0x0000000085700000|100%| O|  |TAMS 0x0000000085600000| PB 0x0000000085600000| Untracked 
|  87|0x0000000085700000, 0x0000000085800000, 0x0000000085800000|100%| O|  |TAMS 0x0000000085700000| PB 0x0000000085700000| Untracked 
|  88|0x0000000085800000, 0x0000000085900000, 0x0000000085900000|100%| O|  |TAMS 0x0000000085800000| PB 0x0000000085800000| Untracked 
|  89|0x0000000085900000, 0x0000000085a00000, 0x0000000085a00000|100%| O|  |TAMS 0x0000000085900000| PB 0x0000000085900000| Untracked 
|  90|0x0000000085a00000, 0x0000000085b00000, 0x0000000085b00000|100%| O|  |TAMS 0x0000000085a00000| PB 0x0000000085a00000| Untracked 
|  91|0x0000000085b00000, 0x0000000085c00000, 0x0000000085c00000|100%| O|  |TAMS 0x0000000085b00000| PB 0x0000000085b00000| Untracked 
|  92|0x0000000085c00000, 0x0000000085d00000, 0x0000000085d00000|100%| O|  |TAMS 0x0000000085c00000| PB 0x0000000085c00000| Untracked 
|  93|0x0000000085d00000, 0x0000000085e00000, 0x0000000085e00000|100%| O|  |TAMS 0x0000000085d00000| PB 0x0000000085d00000| Untracked 
|  94|0x0000000085e00000, 0x0000000085f00000, 0x0000000085f00000|100%| O|  |TAMS 0x0000000085e00000| PB 0x0000000085e00000| Untracked 
|  95|0x0000000085f00000, 0x0000000086000000, 0x0000000086000000|100%| O|Cm|TAMS 0x0000000085f00000| PB 0x0000000085f00000| Complete 
|  96|0x0000000086000000, 0x0000000086000000, 0x0000000086100000|  0%| F|  |TAMS 0x0000000086000000| PB 0x0000000086000000| Untracked 
|  97|0x0000000086100000, 0x0000000086200000, 0x0000000086200000|100%| O|  |TAMS 0x0000000086100000| PB 0x0000000086100000| Untracked 
|  98|0x0000000086200000, 0x0000000086300000, 0x0000000086300000|100%| O|Cm|TAMS 0x0000000086200000| PB 0x0000000086200000| Complete 
|  99|0x0000000086300000, 0x0000000086300000, 0x0000000086400000|  0%| F|  |TAMS 0x0000000086300000| PB 0x0000000086300000| Untracked 
| 100|0x0000000086400000, 0x0000000086400000, 0x0000000086500000|  0%| F|  |TAMS 0x0000000086400000| PB 0x0000000086400000| Untracked 
| 101|0x0000000086500000, 0x0000000086500000, 0x0000000086600000|  0%| F|  |TAMS 0x0000000086500000| PB 0x0000000086500000| Untracked 
| 102|0x0000000086600000, 0x0000000086700000, 0x0000000086700000|100%| O|  |TAMS 0x0000000086600000| PB 0x0000000086600000| Untracked 
| 103|0x0000000086700000, 0x0000000086800000, 0x0000000086800000|100%| O|  |TAMS 0x0000000086700000| PB 0x0000000086700000| Untracked 
| 104|0x0000000086800000, 0x0000000086900000, 0x0000000086900000|100%| O|  |TAMS 0x0000000086800000| PB 0x0000000086800000| Untracked 
| 105|0x0000000086900000, 0x0000000086a00000, 0x0000000086a00000|100%| O|Cm|TAMS 0x0000000086900000| PB 0x0000000086900000| Complete 
| 106|0x0000000086a00000, 0x0000000086a00000, 0x0000000086b00000|  0%| F|  |TAMS 0x0000000086a00000| PB 0x0000000086a00000| Untracked 
| 107|0x0000000086b00000, 0x0000000086c00000, 0x0000000086c00000|100%| O|  |TAMS 0x0000000086b00000| PB 0x0000000086b00000| Untracked 
| 108|0x0000000086c00000, 0x0000000086d00000, 0x0000000086d00000|100%| O|  |TAMS 0x0000000086c00000| PB 0x0000000086c00000| Untracked 
| 109|0x0000000086d00000, 0x0000000086e00000, 0x0000000086e00000|100%| O|  |TAMS 0x0000000086d00000| PB 0x0000000086d00000| Untracked 
| 110|0x0000000086e00000, 0x0000000086f00000, 0x0000000086f00000|100%| O|  |TAMS 0x0000000086e00000| PB 0x0000000086e00000| Untracked 
| 111|0x0000000086f00000, 0x0000000087000000, 0x0000000087000000|100%| O|  |TAMS 0x0000000086f00000| PB 0x0000000086f00000| Untracked 
| 112|0x0000000087000000, 0x0000000087100000, 0x0000000087100000|100%| O|  |TAMS 0x0000000087000000| PB 0x0000000087000000| Untracked 
| 113|0x0000000087100000, 0x0000000087200000, 0x0000000087200000|100%| O|  |TAMS 0x0000000087100000| PB 0x0000000087100000| Untracked 
| 114|0x0000000087200000, 0x0000000087300000, 0x0000000087300000|100%| O|  |TAMS 0x0000000087200000| PB 0x0000000087200000| Untracked 
| 115|0x0000000087300000, 0x0000000087400000, 0x0000000087400000|100%| O|  |TAMS 0x0000000087300000| PB 0x0000000087300000| Untracked 
| 116|0x0000000087400000, 0x0000000087500000, 0x0000000087500000|100%| O|  |TAMS 0x0000000087400000| PB 0x0000000087400000| Untracked 
| 117|0x0000000087500000, 0x0000000087600000, 0x0000000087600000|100%| O|  |TAMS 0x0000000087500000| PB 0x0000000087500000| Untracked 
| 118|0x0000000087600000, 0x0000000087600000, 0x0000000087700000|  0%| F|  |TAMS 0x0000000087600000| PB 0x0000000087600000| Untracked 
| 119|0x0000000087700000, 0x0000000087700000, 0x0000000087800000|  0%| F|  |TAMS 0x0000000087700000| PB 0x0000000087700000| Untracked 
| 120|0x0000000087800000, 0x0000000087800000, 0x0000000087900000|  0%| F|  |TAMS 0x0000000087800000| PB 0x0000000087800000| Untracked 
| 121|0x0000000087900000, 0x0000000087900000, 0x0000000087a00000|  0%| F|  |TAMS 0x0000000087900000| PB 0x0000000087900000| Untracked 
| 122|0x0000000087a00000, 0x0000000087b00000, 0x0000000087b00000|100%| O|  |TAMS 0x0000000087a00000| PB 0x0000000087a00000| Untracked 
| 123|0x0000000087b00000, 0x0000000087c00000, 0x0000000087c00000|100%| O|  |TAMS 0x0000000087b00000| PB 0x0000000087b00000| Untracked 
| 124|0x0000000087c00000, 0x0000000087d00000, 0x0000000087d00000|100%| O|  |TAMS 0x0000000087c00000| PB 0x0000000087c00000| Untracked 
| 125|0x0000000087d00000, 0x0000000087db27e0, 0x0000000087e00000| 69%| O|  |TAMS 0x0000000087d00000| PB 0x0000000087d00000| Untracked 
| 126|0x0000000087e00000, 0x0000000087e00000, 0x0000000087f00000|  0%| F|  |TAMS 0x0000000087e00000| PB 0x0000000087e00000| Untracked 
| 127|0x0000000087f00000, 0x0000000087f86790, 0x0000000088000000| 52%| S|CS|TAMS 0x0000000087f00000| PB 0x0000000087f00000| Complete 
| 128|0x0000000088000000, 0x0000000088100000, 0x0000000088100000|100%| S|CS|TAMS 0x0000000088000000| PB 0x0000000088000000| Complete 
| 129|0x0000000088100000, 0x0000000088200000, 0x0000000088200000|100%| S|CS|TAMS 0x0000000088100000| PB 0x0000000088100000| Complete 
| 130|0x0000000088200000, 0x0000000088300000, 0x0000000088300000|100%| S|CS|TAMS 0x0000000088200000| PB 0x0000000088200000| Complete 
| 131|0x0000000088300000, 0x0000000088400000, 0x0000000088400000|100%| S|CS|TAMS 0x0000000088300000| PB 0x0000000088300000| Complete 
| 132|0x0000000088400000, 0x0000000088500000, 0x0000000088500000|100%| S|CS|TAMS 0x0000000088400000| PB 0x0000000088400000| Complete 
| 133|0x0000000088500000, 0x0000000088500000, 0x0000000088600000|  0%| F|  |TAMS 0x0000000088500000| PB 0x0000000088500000| Untracked 
| 134|0x0000000088600000, 0x0000000088600000, 0x0000000088700000|  0%| F|  |TAMS 0x0000000088600000| PB 0x0000000088600000| Untracked 
| 135|0x0000000088700000, 0x0000000088700000, 0x0000000088800000|  0%| F|  |TAMS 0x0000000088700000| PB 0x0000000088700000| Untracked 
| 136|0x0000000088800000, 0x0000000088800000, 0x0000000088900000|  0%| F|  |TAMS 0x0000000088800000| PB 0x0000000088800000| Untracked 
| 137|0x0000000088900000, 0x0000000088900000, 0x0000000088a00000|  0%| F|  |TAMS 0x0000000088900000| PB 0x0000000088900000| Untracked 
| 138|0x0000000088a00000, 0x0000000088a00000, 0x0000000088b00000|  0%| F|  |TAMS 0x0000000088a00000| PB 0x0000000088a00000| Untracked 
| 139|0x0000000088b00000, 0x0000000088b00000, 0x0000000088c00000|  0%| F|  |TAMS 0x0000000088b00000| PB 0x0000000088b00000| Untracked 
| 140|0x0000000088c00000, 0x0000000088c00000, 0x0000000088d00000|  0%| F|  |TAMS 0x0000000088c00000| PB 0x0000000088c00000| Untracked 
| 141|0x0000000088d00000, 0x0000000088d00000, 0x0000000088e00000|  0%| F|  |TAMS 0x0000000088d00000| PB 0x0000000088d00000| Untracked 
| 142|0x0000000088e00000, 0x0000000088e00000, 0x0000000088f00000|  0%| F|  |TAMS 0x0000000088e00000| PB 0x0000000088e00000| Untracked 
| 143|0x0000000088f00000, 0x0000000088f00000, 0x0000000089000000|  0%| F|  |TAMS 0x0000000088f00000| PB 0x0000000088f00000| Untracked 
| 144|0x0000000089000000, 0x0000000089000000, 0x0000000089100000|  0%| F|  |TAMS 0x0000000089000000| PB 0x0000000089000000| Untracked 
| 145|0x0000000089100000, 0x0000000089100000, 0x0000000089200000|  0%| F|  |TAMS 0x0000000089100000| PB 0x0000000089100000| Untracked 
| 146|0x0000000089200000, 0x0000000089200000, 0x0000000089300000|  0%| F|  |TAMS 0x0000000089200000| PB 0x0000000089200000| Untracked 
| 147|0x0000000089300000, 0x0000000089300000, 0x0000000089400000|  0%| F|  |TAMS 0x0000000089300000| PB 0x0000000089300000| Untracked 
| 148|0x0000000089400000, 0x0000000089400000, 0x0000000089500000|  0%| F|  |TAMS 0x0000000089400000| PB 0x0000000089400000| Untracked 
| 149|0x0000000089500000, 0x0000000089500000, 0x0000000089600000|  0%| F|  |TAMS 0x0000000089500000| PB 0x0000000089500000| Untracked 
| 150|0x0000000089600000, 0x0000000089600000, 0x0000000089700000|  0%| F|  |TAMS 0x0000000089600000| PB 0x0000000089600000| Untracked 
| 151|0x0000000089700000, 0x0000000089700000, 0x0000000089800000|  0%| F|  |TAMS 0x0000000089700000| PB 0x0000000089700000| Untracked 
| 152|0x0000000089800000, 0x0000000089800000, 0x0000000089900000|  0%| F|  |TAMS 0x0000000089800000| PB 0x0000000089800000| Untracked 
| 153|0x0000000089900000, 0x0000000089900000, 0x0000000089a00000|  0%| F|  |TAMS 0x0000000089900000| PB 0x0000000089900000| Untracked 
| 154|0x0000000089a00000, 0x0000000089a00000, 0x0000000089b00000|  0%| F|  |TAMS 0x0000000089a00000| PB 0x0000000089a00000| Untracked 
| 155|0x0000000089b00000, 0x0000000089b00000, 0x0000000089c00000|  0%| F|  |TAMS 0x0000000089b00000| PB 0x0000000089b00000| Untracked 
| 156|0x0000000089c00000, 0x0000000089c00000, 0x0000000089d00000|  0%| F|  |TAMS 0x0000000089c00000| PB 0x0000000089c00000| Untracked 
| 157|0x0000000089d00000, 0x0000000089d00000, 0x0000000089e00000|  0%| F|  |TAMS 0x0000000089d00000| PB 0x0000000089d00000| Untracked 
| 158|0x0000000089e00000, 0x0000000089e00000, 0x0000000089f00000|  0%| F|  |TAMS 0x0000000089e00000| PB 0x0000000089e00000| Untracked 
| 159|0x0000000089f00000, 0x0000000089f00000, 0x000000008a000000|  0%| F|  |TAMS 0x0000000089f00000| PB 0x0000000089f00000| Untracked 
| 160|0x000000008a000000, 0x000000008a000000, 0x000000008a100000|  0%| F|  |TAMS 0x000000008a000000| PB 0x000000008a000000| Untracked 
| 161|0x000000008a100000, 0x000000008a100000, 0x000000008a200000|  0%| F|  |TAMS 0x000000008a100000| PB 0x000000008a100000| Untracked 
| 162|0x000000008a200000, 0x000000008a200000, 0x000000008a300000|  0%| F|  |TAMS 0x000000008a200000| PB 0x000000008a200000| Untracked 
| 163|0x000000008a300000, 0x000000008a300000, 0x000000008a400000|  0%| F|  |TAMS 0x000000008a300000| PB 0x000000008a300000| Untracked 
| 164|0x000000008a400000, 0x000000008a400000, 0x000000008a500000|  0%| F|  |TAMS 0x000000008a400000| PB 0x000000008a400000| Untracked 
| 165|0x000000008a500000, 0x000000008a500000, 0x000000008a600000|  0%| F|  |TAMS 0x000000008a500000| PB 0x000000008a500000| Untracked 
| 166|0x000000008a600000, 0x000000008a600000, 0x000000008a700000|  0%| F|  |TAMS 0x000000008a600000| PB 0x000000008a600000| Untracked 
| 167|0x000000008a700000, 0x000000008a700000, 0x000000008a800000|  0%| F|  |TAMS 0x000000008a700000| PB 0x000000008a700000| Untracked 
| 168|0x000000008a800000, 0x000000008a800000, 0x000000008a900000|  0%| F|  |TAMS 0x000000008a800000| PB 0x000000008a800000| Untracked 
| 169|0x000000008a900000, 0x000000008a900000, 0x000000008aa00000|  0%| F|  |TAMS 0x000000008a900000| PB 0x000000008a900000| Untracked 
| 170|0x000000008aa00000, 0x000000008aa00000, 0x000000008ab00000|  0%| F|  |TAMS 0x000000008aa00000| PB 0x000000008aa00000| Untracked 
| 171|0x000000008ab00000, 0x000000008ab00000, 0x000000008ac00000|  0%| F|  |TAMS 0x000000008ab00000| PB 0x000000008ab00000| Untracked 
| 172|0x000000008ac00000, 0x000000008ac00000, 0x000000008ad00000|  0%| F|  |TAMS 0x000000008ac00000| PB 0x000000008ac00000| Untracked 
| 173|0x000000008ad00000, 0x000000008ad00000, 0x000000008ae00000|  0%| F|  |TAMS 0x000000008ad00000| PB 0x000000008ad00000| Untracked 
| 174|0x000000008ae00000, 0x000000008ae00000, 0x000000008af00000|  0%| F|  |TAMS 0x000000008ae00000| PB 0x000000008ae00000| Untracked 
| 175|0x000000008af00000, 0x000000008af00000, 0x000000008b000000|  0%| F|  |TAMS 0x000000008af00000| PB 0x000000008af00000| Untracked 
| 176|0x000000008b000000, 0x000000008b000000, 0x000000008b100000|  0%| F|  |TAMS 0x000000008b000000| PB 0x000000008b000000| Untracked 
| 177|0x000000008b100000, 0x000000008b100000, 0x000000008b200000|  0%| F|  |TAMS 0x000000008b100000| PB 0x000000008b100000| Untracked 
| 178|0x000000008b200000, 0x000000008b200000, 0x000000008b300000|  0%| F|  |TAMS 0x000000008b200000| PB 0x000000008b200000| Untracked 
| 179|0x000000008b300000, 0x000000008b300000, 0x000000008b400000|  0%| F|  |TAMS 0x000000008b300000| PB 0x000000008b300000| Untracked 
| 180|0x000000008b400000, 0x000000008b400000, 0x000000008b500000|  0%| F|  |TAMS 0x000000008b400000| PB 0x000000008b400000| Untracked 
| 181|0x000000008b500000, 0x000000008b500000, 0x000000008b600000|  0%| F|  |TAMS 0x000000008b500000| PB 0x000000008b500000| Untracked 
| 182|0x000000008b600000, 0x000000008b600000, 0x000000008b700000|  0%| F|  |TAMS 0x000000008b600000| PB 0x000000008b600000| Untracked 
| 183|0x000000008b700000, 0x000000008b700000, 0x000000008b800000|  0%| F|  |TAMS 0x000000008b700000| PB 0x000000008b700000| Untracked 
| 184|0x000000008b800000, 0x000000008b800000, 0x000000008b900000|  0%| F|  |TAMS 0x000000008b800000| PB 0x000000008b800000| Untracked 
| 185|0x000000008b900000, 0x000000008b900000, 0x000000008ba00000|  0%| F|  |TAMS 0x000000008b900000| PB 0x000000008b900000| Untracked 
| 186|0x000000008ba00000, 0x000000008ba00000, 0x000000008bb00000|  0%| F|  |TAMS 0x000000008ba00000| PB 0x000000008ba00000| Untracked 
| 187|0x000000008bb00000, 0x000000008bb00000, 0x000000008bc00000|  0%| F|  |TAMS 0x000000008bb00000| PB 0x000000008bb00000| Untracked 
| 188|0x000000008bc00000, 0x000000008bc00000, 0x000000008bd00000|  0%| F|  |TAMS 0x000000008bc00000| PB 0x000000008bc00000| Untracked 
| 189|0x000000008bd00000, 0x000000008bd00000, 0x000000008be00000|  0%| F|  |TAMS 0x000000008bd00000| PB 0x000000008bd00000| Untracked 
| 190|0x000000008be00000, 0x000000008be00000, 0x000000008bf00000|  0%| F|  |TAMS 0x000000008be00000| PB 0x000000008be00000| Untracked 
| 191|0x000000008bf00000, 0x000000008bf00000, 0x000000008c000000|  0%| F|  |TAMS 0x000000008bf00000| PB 0x000000008bf00000| Untracked 
| 192|0x000000008c000000, 0x000000008c000000, 0x000000008c100000|  0%| F|  |TAMS 0x000000008c000000| PB 0x000000008c000000| Untracked 
| 193|0x000000008c100000, 0x000000008c100000, 0x000000008c200000|  0%| F|  |TAMS 0x000000008c100000| PB 0x000000008c100000| Untracked 
| 194|0x000000008c200000, 0x000000008c200000, 0x000000008c300000|  0%| F|  |TAMS 0x000000008c200000| PB 0x000000008c200000| Untracked 
| 195|0x000000008c300000, 0x000000008c300000, 0x000000008c400000|  0%| F|  |TAMS 0x000000008c300000| PB 0x000000008c300000| Untracked 
| 196|0x000000008c400000, 0x000000008c400000, 0x000000008c500000|  0%| F|  |TAMS 0x000000008c400000| PB 0x000000008c400000| Untracked 
| 197|0x000000008c500000, 0x000000008c500000, 0x000000008c600000|  0%| F|  |TAMS 0x000000008c500000| PB 0x000000008c500000| Untracked 
| 198|0x000000008c600000, 0x000000008c700000, 0x000000008c700000|100%| E|CS|TAMS 0x000000008c600000| PB 0x000000008c600000| Complete 
| 199|0x000000008c700000, 0x000000008c800000, 0x000000008c800000|100%| E|CS|TAMS 0x000000008c700000| PB 0x000000008c700000| Complete 
| 200|0x000000008c800000, 0x000000008c900000, 0x000000008c900000|100%| E|CS|TAMS 0x000000008c800000| PB 0x000000008c800000| Complete 
| 201|0x000000008c900000, 0x000000008ca00000, 0x000000008ca00000|100%| E|CS|TAMS 0x000000008c900000| PB 0x000000008c900000| Complete 
| 202|0x000000008ca00000, 0x000000008cb00000, 0x000000008cb00000|100%| E|  |TAMS 0x000000008ca00000| PB 0x000000008ca00000| Complete 
| 203|0x000000008cb00000, 0x000000008cc00000, 0x000000008cc00000|100%| E|CS|TAMS 0x000000008cb00000| PB 0x000000008cb00000| Complete 
| 204|0x000000008cc00000, 0x000000008cd00000, 0x000000008cd00000|100%| E|CS|TAMS 0x000000008cc00000| PB 0x000000008cc00000| Complete 
| 205|0x000000008cd00000, 0x000000008ce00000, 0x000000008ce00000|100%| E|CS|TAMS 0x000000008cd00000| PB 0x000000008cd00000| Complete 
| 206|0x000000008ce00000, 0x000000008ce00000, 0x000000008cf00000|  0%| F|  |TAMS 0x000000008ce00000| PB 0x000000008ce00000| Untracked 
| 207|0x000000008cf00000, 0x000000008cf00000, 0x000000008d000000|  0%| F|  |TAMS 0x000000008cf00000| PB 0x000000008cf00000| Untracked 
| 208|0x000000008d000000, 0x000000008d000000, 0x000000008d100000|  0%| F|  |TAMS 0x000000008d000000| PB 0x000000008d000000| Untracked 
| 209|0x000000008d100000, 0x000000008d100000, 0x000000008d200000|  0%| F|  |TAMS 0x000000008d100000| PB 0x000000008d100000| Untracked 
| 210|0x000000008d200000, 0x000000008d200000, 0x000000008d300000|  0%| F|  |TAMS 0x000000008d200000| PB 0x000000008d200000| Untracked 
| 211|0x000000008d300000, 0x000000008d300000, 0x000000008d400000|  0%| F|  |TAMS 0x000000008d300000| PB 0x000000008d300000| Untracked 
| 212|0x000000008d400000, 0x000000008d400000, 0x000000008d500000|  0%| F|  |TAMS 0x000000008d400000| PB 0x000000008d400000| Untracked 
| 213|0x000000008d500000, 0x000000008d500000, 0x000000008d600000|  0%| F|  |TAMS 0x000000008d500000| PB 0x000000008d500000| Complete 
| 214|0x000000008d600000, 0x000000008d700000, 0x000000008d700000|100%| E|CS|TAMS 0x000000008d600000| PB 0x000000008d600000| Complete 
| 215|0x000000008d700000, 0x000000008d800000, 0x000000008d800000|100%| E|CS|TAMS 0x000000008d700000| PB 0x000000008d700000| Complete 
| 216|0x000000008d800000, 0x000000008d900000, 0x000000008d900000|100%| E|CS|TAMS 0x000000008d800000| PB 0x000000008d800000| Complete 
| 217|0x000000008d900000, 0x000000008da00000, 0x000000008da00000|100%| E|CS|TAMS 0x000000008d900000| PB 0x000000008d900000| Complete 
| 218|0x000000008da00000, 0x000000008db00000, 0x000000008db00000|100%| E|CS|TAMS 0x000000008da00000| PB 0x000000008da00000| Complete 
| 219|0x000000008db00000, 0x000000008dc00000, 0x000000008dc00000|100%| E|CS|TAMS 0x000000008db00000| PB 0x000000008db00000| Complete 
| 251|0x000000008fb00000, 0x000000008fc00000, 0x000000008fc00000|100%| E|CS|TAMS 0x000000008fb00000| PB 0x000000008fb00000| Complete 
|2042|0x00000000ffa00000, 0x00000000ffb00000, 0x00000000ffb00000|100%| E|CS|TAMS 0x00000000ffa00000| PB 0x00000000ffa00000| Complete 
|2043|0x00000000ffb00000, 0x00000000ffc00000, 0x00000000ffc00000|100%| O|  |TAMS 0x00000000ffb00000| PB 0x00000000ffb00000| Untracked 
|2044|0x00000000ffc00000, 0x00000000ffd00000, 0x00000000ffd00000|100%| O|  |TAMS 0x00000000ffc00000| PB 0x00000000ffc00000| Untracked 
|2045|0x00000000ffd00000, 0x00000000ffe00000, 0x00000000ffe00000|100%| O|  |TAMS 0x00000000ffd00000| PB 0x00000000ffd00000| Untracked 
|2046|0x00000000ffe00000, 0x00000000fff00000, 0x00000000fff00000|100%| O|  |TAMS 0x00000000ffe00000| PB 0x00000000ffe00000| Untracked 
|2047|0x00000000fff00000, 0x0000000100000000, 0x0000000100000000|100%| O|  |TAMS 0x00000000fff00000| PB 0x00000000fff00000| Untracked 

Card table byte_map: [0x0000017646d60000,0x0000017647160000] _byte_map_base: 0x0000017646960000

Marking Bits: (CMBitMap*) 0x0000017633aa7de0
 Bits: [0x0000017647160000, 0x0000017649160000)

Polling page: 0x0000017633210000

Metaspace:

Usage:
  Non-class:    126.07 MB used.
      Class:     18.53 MB used.
       Both:    144.60 MB used.

Virtual space:
  Non-class space:      192.00 MB reserved,     127.19 MB ( 66%) committed,  3 nodes.
      Class space:        1.00 GB reserved,      19.56 MB (  2%) committed,  1 nodes.
             Both:        1.19 GB reserved,     146.75 MB ( 12%) committed. 

Chunk freelists:
   Non-Class:  15.88 MB
       Class:  12.45 MB
        Both:  28.33 MB

MaxMetaspaceSize: unlimited
CompressedClassSpaceSize: 1.00 GB
Initial GC threshold: 21.00 MB
Current GC threshold: 244.06 MB
CDS: off
 - commit_granule_bytes: 65536.
 - commit_granule_words: 8192.
 - virtual_space_node_default_size: 8388608.
 - enlarge_chunks_in_place: 1.
 - use_allocation_guard: 0.


Internal statistics:

num_allocs_failed_limit: 6.
num_arena_births: 4162.
num_arena_deaths: 0.
num_vsnodes_births: 4.
num_vsnodes_deaths: 0.
num_space_committed: 2346.
num_space_uncommitted: 0.
num_chunks_returned_to_freelist: 6.
num_chunks_taken_from_freelist: 9670.
num_chunk_merges: 6.
num_chunk_splits: 6928.
num_chunks_enlarged: 4977.
num_inconsistent_stats: 0.

CodeHeap 'non-profiled nmethods': size=119168Kb used=7237Kb max_used=7542Kb free=111931Kb
 bounds [0x000001763e730000, 0x000001763ee90000, 0x0000017645b90000]
CodeHeap 'profiled nmethods': size=119104Kb used=28483Kb max_used=29884Kb free=90620Kb
 bounds [0x0000017636b90000, 0x00000176388c0000, 0x000001763dfe0000]
CodeHeap 'non-nmethods': size=7488Kb used=4791Kb max_used=4877Kb free=2696Kb
 bounds [0x000001763dfe0000, 0x000001763e4b0000, 0x000001763e730000]
 total_blobs=14656 nmethods=13497 adapters=1058
 compilation: enabled
              stopped_count=0, restarted_count=0
 full_count=0

Compilation events (20 events):
Event: 6.945 Thread 0x000001765a4f3e40 nmethod 15492 0x000001763ee8c710 code [0x000001763ee8c8a0, 0x000001763ee8c9f8]
Event: 6.945 Thread 0x000001764cadfd90 nmethod 15530 0x00000176388bab10 code [0x00000176388baca0, 0x00000176388bada8]
Event: 6.945 Thread 0x0000017651cdd9f0 nmethod 15524 0x00000176388bae90 code [0x00000176388bb060, 0x00000176388bb448]
Event: 6.945 Thread 0x0000017651cdd9f0 15526       3       org.gradle.api.internal.initialization.transform.utils.InstrumentationClasspathMerger::lambda$mergeToClasspath$1 (13 bytes)
Event: 6.945 Thread 0x000001764c909870 nmethod 15522 0x00000176388bb610 code [0x00000176388bb820, 0x00000176388bbf50]
Event: 6.945 Thread 0x000001764cadfd90 15527       3       com.google.common.collect.ExplicitOrdering::compare (12 bytes)
Event: 6.945 Thread 0x000001764c909870 15528       1       org.gradle.api.internal.initialization.transform.utils.InstrumentationClasspathMerger$ClassPathTransformedArtifact::access$100 (5 bytes)
Event: 6.945 Thread 0x000001764c31e830 nmethod 15525 0x00000176388bc110 code [0x00000176388bc2e0, 0x00000176388bc6f8]
Event: 6.945 Thread 0x0000017651cdd9f0 nmethod 15526 0x00000176388bc890 code [0x00000176388bca40, 0x00000176388bcc20]
Event: 6.945 Thread 0x000001764c909870 nmethod 15528 0x000001763ee8ca90 code [0x000001763ee8cc20, 0x000001763ee8ccd0]
Event: 6.945 Thread 0x000001764c909870 15532       3       com.google.common.base.Preconditions::checkArgument (29 bytes)
Event: 6.945 Thread 0x000001764c31e830 15531       3       java.io.File::getParentFile (41 bytes)
Event: 6.945 Thread 0x0000017651cdd9f0 15533       3       org.gradle.internal.classpath.TransformedClassPath$FileMarker::of (25 bytes)
Event: 6.945 Thread 0x000001764c909870 nmethod 15532 0x00000176388bcd90 code [0x00000176388bcf80, 0x00000176388bd4f8]
Event: 6.945 Thread 0x000001764c31e830 nmethod 15531 0x00000176388bd690 code [0x00000176388bd880, 0x00000176388bdc80]
Event: 6.945 Thread 0x000001764cadfd90 nmethod 15527 0x00000176388bde10 code [0x00000176388be040, 0x00000176388be7d8]
Event: 6.946 Thread 0x0000017651cdd9f0 nmethod 15533 0x00000176388bea90 code [0x00000176388bec60, 0x00000176388bef20]
Event: 6.946 Thread 0x000001764cadfd90 15534       3       jdk.internal.misc.VM::initLevel (4 bytes)
Event: 6.946 Thread 0x000001764cadfd90 nmethod 15534 0x00000176388bf010 code [0x00000176388bf1a0, 0x00000176388bf298]
Event: 6.947 Thread 0x000001765a4f3770 nmethod 15480 0x000001763ee8cd90 code [0x000001763ee8cf80, 0x000001763ee8d4c0]

GC Heap History (20 events):
Event: 4.143 GC heap before
{Heap before GC invocations=24 (full 0):
 garbage-first heap   total 160768K, used 138119K [0x0000000080000000, 0x0000000100000000)
  region size 1024K, 41 young (41984K), 3 survivors (3072K)
 Metaspace       used 97370K, committed 99392K, reserved 1179648K
  class space    used 13024K, committed 14016K, reserved 1048576K
}
Event: 4.145 GC heap after
{Heap after GC invocations=25 (full 0):
 garbage-first heap   total 160768K, used 102944K [0x0000000080000000, 0x0000000100000000)
  region size 1024K, 6 young (6144K), 6 survivors (6144K)
 Metaspace       used 97370K, committed 99392K, reserved 1179648K
  class space    used 13024K, committed 14016K, reserved 1048576K
}
Event: 4.280 GC heap before
{Heap before GC invocations=26 (full 0):
 garbage-first heap   total 181248K, used 143904K [0x0000000080000000, 0x0000000100000000)
  region size 1024K, 45 young (46080K), 6 survivors (6144K)
 Metaspace       used 98827K, committed 100800K, reserved 1179648K
  class space    used 13196K, committed 14144K, reserved 1048576K
}
Event: 4.283 GC heap after
{Heap after GC invocations=27 (full 0):
 garbage-first heap   total 181248K, used 105332K [0x0000000080000000, 0x0000000100000000)
  region size 1024K, 5 young (5120K), 5 survivors (5120K)
 Metaspace       used 98827K, committed 100800K, reserved 1179648K
  class space    used 13196K, committed 14144K, reserved 1048576K
}
Event: 4.552 GC heap before
{Heap before GC invocations=27 (full 0):
 garbage-first heap   total 181248K, used 162676K [0x0000000080000000, 0x0000000100000000)
  region size 1024K, 61 young (62464K), 5 survivors (5120K)
 Metaspace       used 103852K, committed 105792K, reserved 1179648K
  class space    used 13708K, committed 14656K, reserved 1048576K
}
Event: 4.556 GC heap after
{Heap after GC invocations=28 (full 0):
 garbage-first heap   total 218112K, used 108175K [0x0000000080000000, 0x0000000100000000)
  region size 1024K, 7 young (7168K), 7 survivors (7168K)
 Metaspace       used 103852K, committed 105792K, reserved 1179648K
  class space    used 13708K, committed 14656K, reserved 1048576K
}
Event: 4.969 GC heap before
{Heap before GC invocations=28 (full 0):
 garbage-first heap   total 218112K, used 187023K [0x0000000080000000, 0x0000000100000000)
  region size 1024K, 85 young (87040K), 7 survivors (7168K)
 Metaspace       used 114805K, committed 116800K, reserved 1179648K
  class space    used 14830K, committed 15808K, reserved 1048576K
}
Event: 4.973 GC heap after
{Heap after GC invocations=29 (full 0):
 garbage-first heap   total 218112K, used 112767K [0x0000000080000000, 0x0000000100000000)
  region size 1024K, 9 young (9216K), 9 survivors (9216K)
 Metaspace       used 114805K, committed 116800K, reserved 1179648K
  class space    used 14830K, committed 15808K, reserved 1048576K
}
Event: 5.340 GC heap before
{Heap before GC invocations=30 (full 0):
 garbage-first heap   total 218112K, used 191615K [0x0000000080000000, 0x0000000100000000)
  region size 1024K, 86 young (88064K), 9 survivors (9216K)
 Metaspace       used 122195K, committed 124160K, reserved 1179648K
  class space    used 15619K, committed 16576K, reserved 1048576K
}
Event: 5.344 GC heap after
{Heap after GC invocations=31 (full 0):
 garbage-first heap   total 218112K, used 120175K [0x0000000080000000, 0x0000000100000000)
  region size 1024K, 11 young (11264K), 11 survivors (11264K)
 Metaspace       used 122195K, committed 124160K, reserved 1179648K
  class space    used 15619K, committed 16576K, reserved 1048576K
}
Event: 5.682 GC heap before
{Heap before GC invocations=31 (full 0):
 garbage-first heap   total 218112K, used 192879K [0x0000000080000000, 0x0000000100000000)
  region size 1024K, 82 young (83968K), 11 survivors (11264K)
 Metaspace       used 126467K, committed 128512K, reserved 1179648K
  class space    used 16148K, committed 17152K, reserved 1048576K
}
Event: 5.685 GC heap after
{Heap after GC invocations=32 (full 0):
 garbage-first heap   total 218112K, used 117772K [0x0000000080000000, 0x0000000100000000)
  region size 1024K, 2 young (2048K), 2 survivors (2048K)
 Metaspace       used 126467K, committed 128512K, reserved 1179648K
  class space    used 16148K, committed 17152K, reserved 1048576K
}
Event: 6.163 GC heap before
{Heap before GC invocations=32 (full 0):
 garbage-first heap   total 218112K, used 195596K [0x0000000080000000, 0x0000000100000000)
  region size 1024K, 79 young (80896K), 2 survivors (2048K)
 Metaspace       used 137146K, committed 139328K, reserved 1179648K
  class space    used 17545K, committed 18624K, reserved 1048576K
}
Event: 6.166 GC heap after
{Heap after GC invocations=33 (full 0):
 garbage-first heap   total 218112K, used 122543K [0x0000000080000000, 0x0000000100000000)
  region size 1024K, 7 young (7168K), 7 survivors (7168K)
 Metaspace       used 137146K, committed 139328K, reserved 1179648K
  class space    used 17545K, committed 18624K, reserved 1048576K
}
Event: 6.787 GC heap before
{Heap before GC invocations=34 (full 0):
 garbage-first heap   total 218112K, used 196271K [0x0000000080000000, 0x0000000100000000)
  region size 1024K, 80 young (81920K), 7 survivors (7168K)
 Metaspace       used 147342K, committed 149568K, reserved 1179648K
  class space    used 18915K, committed 19968K, reserved 1048576K
}
Event: 6.791 GC heap after
{Heap after GC invocations=35 (full 0):
 garbage-first heap   total 218112K, used 129118K [0x0000000080000000, 0x0000000100000000)
  region size 1024K, 10 young (10240K), 10 survivors (10240K)
 Metaspace       used 147342K, committed 149568K, reserved 1179648K
  class space    used 18915K, committed 19968K, reserved 1048576K
}
Event: 6.876 GC heap before
{Heap before GC invocations=35 (full 0):
 garbage-first heap   total 218112K, used 193630K [0x0000000080000000, 0x0000000100000000)
  region size 1024K, 74 young (75776K), 10 survivors (10240K)
 Metaspace       used 147702K, committed 149888K, reserved 1179648K
  class space    used 18918K, committed 19968K, reserved 1048576K
}
Event: 6.881 GC heap after
{Heap after GC invocations=36 (full 0):
 garbage-first heap   total 218112K, used 127457K [0x0000000080000000, 0x0000000100000000)
  region size 1024K, 5 young (5120K), 5 survivors (5120K)
 Metaspace       used 147702K, committed 149888K, reserved 1179648K
  class space    used 18918K, committed 19968K, reserved 1048576K
}
Event: 6.932 GC heap before
{Heap before GC invocations=36 (full 0):
 garbage-first heap   total 218112K, used 198113K [0x0000000080000000, 0x0000000100000000)
  region size 1024K, 75 young (76800K), 5 survivors (5120K)
 Metaspace       used 147740K, committed 149952K, reserved 1179648K
  class space    used 18918K, committed 19968K, reserved 1048576K
}
Event: 6.934 GC heap after
{Heap after GC invocations=37 (full 0):
 garbage-first heap   total 218112K, used 128227K [0x0000000080000000, 0x0000000100000000)
  region size 1024K, 6 young (6144K), 6 survivors (6144K)
 Metaspace       used 147740K, committed 149952K, reserved 1179648K
  class space    used 18918K, committed 19968K, reserved 1048576K
}

Dll operation events (3 events):
Event: 0.004 Loaded shared library C:\Program Files\Android\Android Studio\jbr\bin\java.dll
Event: 0.007 Loaded shared library C:\Program Files\Android\Android Studio\jbr\bin\zip.dll
Event: 0.211 Loaded shared library C:\Program Files\Android\Android Studio\jbr\bin\verify.dll

Deoptimization events (20 events):
Event: 6.897 Thread 0x0000017662109740 Uncommon trap: trap_request=0xfffffff4 fr.pc=0x000001763ee4e098 relative=0x00000000000000f8
Event: 6.897 Thread 0x0000017662109740 Uncommon trap: reason=null_check action=make_not_entrant pc=0x000001763ee4e098 method=org.gradle.tooling.internal.provider.runner.ClientBuildEventGenerator$Disabled.accept(Lorg/gradle/internal/operations/BuildOperationDescriptor;)Lorg/gradle/tooling/inter
Event: 6.897 Thread 0x0000017662109740 DEOPT PACKING pc=0x000001763ee4e098 sp=0x00000020bc8fe4b0
Event: 6.897 Thread 0x0000017662109740 DEOPT UNPACKING pc=0x000001763e0346a2 sp=0x00000020bc8fe438 mode 2
Event: 6.925 Thread 0x000001766210df70 Uncommon trap: trap_request=0xffffffbe fr.pc=0x000001763ee70f50 relative=0x0000000000000bd0
Event: 6.925 Thread 0x000001766210df70 Uncommon trap: reason=profile_predicate action=maybe_recompile pc=0x000001763ee70f50 method=org.gradle.tooling.internal.provider.runner.ClientBuildEventGenerator.started(Lorg/gradle/internal/operations/BuildOperationDescriptor;Lorg/gradle/internal/operati
Event: 6.925 Thread 0x000001766210df70 DEOPT PACKING pc=0x000001763ee70f50 sp=0x00000020bd1fe990
Event: 6.925 Thread 0x000001766210df70 DEOPT UNPACKING pc=0x000001763e0346a2 sp=0x00000020bd1fe948 mode 2
Event: 6.925 Thread 0x00000176521b2120 Uncommon trap: trap_request=0xffffffbe fr.pc=0x000001763ee70f50 relative=0x0000000000000bd0
Event: 6.925 Thread 0x00000176521b2120 Uncommon trap: reason=profile_predicate action=maybe_recompile pc=0x000001763ee70f50 method=org.gradle.tooling.internal.provider.runner.ClientBuildEventGenerator.started(Lorg/gradle/internal/operations/BuildOperationDescriptor;Lorg/gradle/internal/operati
Event: 6.925 Thread 0x00000176521b2120 DEOPT PACKING pc=0x000001763ee70f50 sp=0x00000020bbdfe230
Event: 6.925 Thread 0x00000176521b2120 DEOPT UNPACKING pc=0x000001763e0346a2 sp=0x00000020bbdfe1e8 mode 2
Event: 6.926 Thread 0x0000017662109740 Uncommon trap: trap_request=0xffffffbe fr.pc=0x000001763ee70f50 relative=0x0000000000000bd0
Event: 6.926 Thread 0x0000017662109740 Uncommon trap: reason=profile_predicate action=maybe_recompile pc=0x000001763ee70f50 method=org.gradle.tooling.internal.provider.runner.ClientBuildEventGenerator.started(Lorg/gradle/internal/operations/BuildOperationDescriptor;Lorg/gradle/internal/operati
Event: 6.926 Thread 0x0000017662109740 DEOPT PACKING pc=0x000001763ee70f50 sp=0x00000020bc8fe540
Event: 6.926 Thread 0x0000017662109740 DEOPT UNPACKING pc=0x000001763e0346a2 sp=0x00000020bc8fe4f8 mode 2
Event: 6.926 Thread 0x000001766210b180 Uncommon trap: trap_request=0xffffffbe fr.pc=0x000001763ee70f50 relative=0x0000000000000bd0
Event: 6.926 Thread 0x000001766210b180 Uncommon trap: reason=profile_predicate action=maybe_recompile pc=0x000001763ee70f50 method=org.gradle.tooling.internal.provider.runner.ClientBuildEventGenerator.started(Lorg/gradle/internal/operations/BuildOperationDescriptor;Lorg/gradle/internal/operati
Event: 6.926 Thread 0x000001766210b180 DEOPT PACKING pc=0x000001763ee70f50 sp=0x00000020bc4fe8f0
Event: 6.926 Thread 0x000001766210b180 DEOPT UNPACKING pc=0x000001763e0346a2 sp=0x00000020bc4fe8a8 mode 2

Classes loaded (20 events):
Event: 6.611 Loading class javax/net/ssl/SSLEngineResult$HandshakeStatus
Event: 6.611 Loading class javax/net/ssl/SSLEngineResult$HandshakeStatus done
Event: 6.611 Loading class jdk/internal/event/TLSHandshakeEvent
Event: 6.611 Loading class jdk/internal/event/TLSHandshakeEvent done
Event: 6.633 Loading class sun/security/ssl/PostHandshakeContext
Event: 6.633 Loading class sun/security/ssl/PostHandshakeContext done
Event: 6.634 Loading class sun/security/ssl/NewSessionTicket$T13NewSessionTicketMessage
Event: 6.634 Loading class sun/security/ssl/NewSessionTicket$NewSessionTicketMessage
Event: 6.634 Loading class sun/security/ssl/NewSessionTicket$NewSessionTicketMessage done
Event: 6.634 Loading class sun/security/ssl/NewSessionTicket$T13NewSessionTicketMessage done
Event: 6.721 Loading class java/util/Collections$ReverseComparator
Event: 6.721 Loading class java/util/Collections$ReverseComparator done
Event: 6.722 Loading class java/util/Collections$ReverseComparator2
Event: 6.722 Loading class java/util/Collections$ReverseComparator2 done
Event: 6.792 Loading class sun/security/ssl/Alert
Event: 6.793 Loading class sun/security/ssl/Alert done
Event: 6.793 Loading class sun/security/ssl/Alert$AlertConsumer
Event: 6.793 Loading class sun/security/ssl/Alert$AlertConsumer done
Event: 6.793 Loading class sun/security/ssl/Alert$Level
Event: 6.793 Loading class sun/security/ssl/Alert$Level done

Classes unloaded (0 events):
No events

Classes redefined (0 events):
No events

Internal exceptions (20 events):
Event: 6.268 Thread 0x0000017653026a20 Exception <a 'java/lang/NoSuchMethodError'{0x000000008c097530}: 'java.lang.Object java.lang.invoke.DirectMethodHandle$Holder.invokeSpecial(java.lang.Object, java.lang.Object, java.lang.Object, java.lang.Object, java.lang.Object, java.lang.Object, java.lang.Object, java.lang.Object, java.lang.Object, java.lang.Object, java.lang.Object, java.lang.Object, java.lang.Object, java.lang.Object, java.lang.Object, java.lang.Object, java.lang.Object, java.lang.Object)'> (0x000000008c097530) 
thrown [s\src\hotspot\sh
Event: 6.268 Thread 0x0000017653026a20 Exception <a 'java/lang/NoSuchMethodError'{0x000000008c09ccf0}: 'java.lang.Object java.lang.invoke.DelegatingMethodHandle$Holder.reinvoke_L(java.lang.Object, java.lang.Object, java.lang.Object, java.lang.Object, java.lang.Object, java.lang.Object, java.lang.Object, java.lang.Object, java.lang.Object, java.lang.Object, java.lang.Object, java.lang.Object, java.lang.Object, java.lang.Object, java.lang.Object, java.lang.Object, java.lang.Object)'> (0x000000008c09ccf0) 
thrown [s\src\hotspot\share\interpreter\l
Event: 6.304 Thread 0x0000017653026a20 Exception <a 'java/lang/NoSuchMethodError'{0x000000008bb5b7d8}: static Lorg/gradle/api/internal/catalog/DefaultVersionCatalog;.<clinit>()V> (0x000000008bb5b7d8) 
thrown [s\src\hotspot\share\prims\jni.cpp, line 1126]
Event: 6.307 Thread 0x0000017653026a20 Exception <a 'java/lang/NoSuchMethodError'{0x000000008bbaf318}: static [Ljava/lang/Object;.<clinit>()V> (0x000000008bbaf318) 
thrown [s\src\hotspot\share\prims\jni.cpp, line 1126]
Event: 6.308 Thread 0x0000017653026a20 Exception <a 'java/lang/NoSuchMethodError'{0x000000008bbd7d90}: static Lorg/gradle/api/internal/catalog/DependencyModel;.<clinit>()V> (0x000000008bbd7d90) 
thrown [s\src\hotspot\share\prims\jni.cpp, line 1126]
Event: 6.308 Thread 0x0000017653026a20 Exception <a 'java/lang/NoSuchMethodError'{0x000000008bbdb9d8}: static Lorg/gradle/api/internal/catalog/AbstractContextAwareModel;.<clinit>()V> (0x000000008bbdb9d8) 
thrown [s\src\hotspot\share\prims\jni.cpp, line 1126]
Event: 6.308 Thread 0x0000017653026a20 Exception <a 'java/lang/NoSuchMethodError'{0x000000008bbf5160}: static Lorg/gradle/api/internal/artifacts/dependencies/AbstractVersionConstraint;.<clinit>()V> (0x000000008bbf5160) 
thrown [s\src\hotspot\share\prims\jni.cpp, line 1126]
Event: 6.311 Thread 0x0000017653026a20 Exception <a 'java/lang/NoSuchMethodError'{0x000000008ba9ea48}: static Lorg/gradle/api/internal/catalog/PluginModel;.<clinit>()V> (0x000000008ba9ea48) 
thrown [s\src\hotspot\share\prims\jni.cpp, line 1126]
Event: 6.312 Thread 0x0000017653026a20 Exception <a 'java/lang/NoSuchMethodError'{0x000000008bab6148}: static Lorg/gradle/api/internal/catalog/VersionModel;.<clinit>()V> (0x000000008bab6148) 
thrown [s\src\hotspot\share\prims\jni.cpp, line 1126]
Event: 6.337 Thread 0x0000017653026a20 Exception <a 'java/lang/NoSuchMethodError'{0x000000008b65ed18}: 'int java.lang.invoke.DirectMethodHandle$Holder.invokeSpecialIFC(java.lang.Object, java.lang.Object, java.lang.Object)'> (0x000000008b65ed18) 
thrown [s\src\hotspot\share\interpreter\linkResolver.cpp, line 784]
Event: 6.359 Thread 0x0000017653026a20 Exception <a 'java/lang/NoSuchMethodError'{0x000000008b2089d0}: 'java.lang.Object java.lang.invoke.DirectMethodHandle$Holder.invokeSpecial(java.lang.Object, java.lang.Object, java.lang.Object, java.lang.Object, java.lang.Object, long)'> (0x000000008b2089d0) 
thrown [s\src\hotspot\share\interpreter\linkResolver.cpp, line 784]
Event: 6.359 Thread 0x0000017653026a20 Exception <a 'java/lang/NoSuchMethodError'{0x000000008b2286b8}: 'void java.lang.invoke.DirectMethodHandle$Holder.invokeStatic(java.lang.Object, java.lang.Object, java.lang.Object, int, java.lang.Object)'> (0x000000008b2286b8) 
thrown [s\src\hotspot\share\interpreter\linkResolver.cpp, line 784]
Event: 6.362 Thread 0x0000017653026a20 Implicit null exception at 0x000001763ed1e39d to 0x000001763ed1e604
Event: 6.384 Thread 0x0000017653026a20 Exception <a 'sun/nio/fs/WindowsException'{0x000000008af046e0}> (0x000000008af046e0) 
thrown [s\src\hotspot\share\prims\jni.cpp, line 535]
Event: 6.793 Thread 0x000001764c8e4b20 Implicit null exception at 0x000001763ea8288b to 0x000001763ea8294c
Event: 6.897 Thread 0x0000017662109740 Implicit null exception at 0x000001763ee4dfe9 to 0x000001763ee4e08c
Event: 6.925 Thread 0x000001766210df70 Implicit null exception at 0x000001763ee706a3 to 0x000001763ee70f40
Event: 6.925 Thread 0x00000176521b2120 Implicit null exception at 0x000001763ee706a3 to 0x000001763ee70f40
Event: 6.926 Thread 0x0000017662109740 Implicit null exception at 0x000001763ee706a3 to 0x000001763ee70f40
Event: 6.926 Thread 0x000001766210b180 Implicit null exception at 0x000001763ee706a3 to 0x000001763ee70f40

ZGC Phase Switch (0 events):
No events

VM Operations (20 events):
Event: 6.641 Executing VM operation: HandshakeAllThreads (Deoptimize) done
Event: 6.737 Executing VM operation: ICBufferFull
Event: 6.737 Executing VM operation: ICBufferFull done
Event: 6.745 Executing VM operation: HandshakeAllThreads (Deoptimize)
Event: 6.745 Executing VM operation: HandshakeAllThreads (Deoptimize) done
Event: 6.785 Executing VM operation: ICBufferFull
Event: 6.785 Executing VM operation: ICBufferFull done
Event: 6.787 Executing VM operation: G1CollectForAllocation (G1 Evacuation Pause)
Event: 6.791 Executing VM operation: G1CollectForAllocation (G1 Evacuation Pause) done
Event: 6.840 Executing VM operation: ICBufferFull
Event: 6.841 Executing VM operation: ICBufferFull done
Event: 6.876 Executing VM operation: G1CollectForAllocation (G1 Evacuation Pause)
Event: 6.881 Executing VM operation: G1CollectForAllocation (G1 Evacuation Pause) done
Event: 6.919 Executing VM operation: ICBufferFull
Event: 6.919 Executing VM operation: ICBufferFull done
Event: 6.919 Executing VM operation: ICBufferFull
Event: 6.919 Executing VM operation: ICBufferFull done
Event: 6.932 Executing VM operation: G1CollectForAllocation (G1 Evacuation Pause)
Event: 6.934 Executing VM operation: G1CollectForAllocation (G1 Evacuation Pause) done
Event: 6.951 Executing VM operation: G1PauseRemark

Events (20 events):
Event: 6.846 Thread 0x000001765a4e22a0 Thread added: 0x000001765a4e22a0
Event: 6.846 Thread 0x000001766210f320 Thread added: 0x000001766210f320
Event: 6.846 Thread 0x000001766210aaf0 Thread added: 0x000001766210aaf0
Event: 6.846 Thread 0x00000176621090b0 Thread added: 0x00000176621090b0
Event: 6.846 Thread 0x000001766210b810 Thread added: 0x000001766210b810
Event: 6.846 Thread 0x000001766210b180 Thread added: 0x000001766210b180
Event: 6.846 Thread 0x000001766210bea0 Thread added: 0x000001766210bea0
Event: 6.847 Thread 0x000001766210f9b0 Thread added: 0x000001766210f9b0
Event: 6.847 Thread 0x00000176621106d0 Thread added: 0x00000176621106d0
Event: 6.847 Thread 0x0000017662109740 Thread added: 0x0000017662109740
Event: 6.847 Thread 0x0000017662110040 Thread added: 0x0000017662110040
Event: 6.847 Thread 0x000001766210c530 Thread added: 0x000001766210c530
Event: 6.847 Thread 0x000001766210cbc0 Thread added: 0x000001766210cbc0
Event: 6.847 Thread 0x000001766210d250 Thread added: 0x000001766210d250
Event: 6.847 Thread 0x0000017662110d60 Thread added: 0x0000017662110d60
Event: 6.848 Thread 0x0000017662109dd0 Thread added: 0x0000017662109dd0
Event: 6.848 Thread 0x00000176621113f0 Thread added: 0x00000176621113f0
Event: 6.848 Thread 0x000001766210a460 Thread added: 0x000001766210a460
Event: 6.848 Thread 0x000001766210df70 Thread added: 0x000001766210df70
Event: 6.953 Thread 0x000001764c841320 flushing nmethod 0x00000176384a6090


Dynamic libraries:
0x00007ff797070000 - 0x00007ff79707a000 	C:\Program Files\Android\Android Studio\jbr\bin\java.exe
0x00007fff8a690000 - 0x00007fff8a8a7000 	C:\windows\SYSTEM32\ntdll.dll
0x00007fff899d0000 - 0x00007fff89a94000 	C:\windows\System32\KERNEL32.DLL
0x00007fff87b40000 - 0x00007fff87ef7000 	C:\windows\System32\KERNELBASE.dll
0x00007fff88270000 - 0x00007fff88381000 	C:\windows\System32\ucrtbase.dll
0x00007fff75960000 - 0x00007fff75978000 	C:\Program Files\Android\Android Studio\jbr\bin\jli.dll
0x00007fff799e0000 - 0x00007fff799fb000 	C:\Program Files\Android\Android Studio\jbr\bin\VCRUNTIME140.dll
0x00007fff89820000 - 0x00007fff899cf000 	C:\windows\System32\USER32.dll
0x00007fff86be0000 - 0x00007fff86e73000 	C:\windows\WinSxS\amd64_microsoft.windows.common-controls_6595b64144ccf1df_6.0.22621.3672_none_2713b9d173822955\COMCTL32.dll
0x00007fff88180000 - 0x00007fff881a6000 	C:\windows\System32\win32u.dll
0x00007fff89710000 - 0x00007fff897b7000 	C:\windows\System32\msvcrt.dll
0x00007fff88d30000 - 0x00007fff88d59000 	C:\windows\System32\GDI32.dll
0x00007fff87a20000 - 0x00007fff87b38000 	C:\windows\System32\gdi32full.dll
0x00007fff87f00000 - 0x00007fff87f9a000 	C:\windows\System32\msvcp_win.dll
0x00007fff895a0000 - 0x00007fff895d1000 	C:\windows\System32\IMM32.DLL
0x00007fff823c0000 - 0x00007fff823cc000 	C:\Program Files\Android\Android Studio\jbr\bin\vcruntime140_1.dll
0x00007fff74480000 - 0x00007fff7450d000 	C:\Program Files\Android\Android Studio\jbr\bin\msvcp140.dll
0x00007fff10e10000 - 0x00007fff11a8d000 	C:\Program Files\Android\Android Studio\jbr\bin\server\jvm.dll
0x00007fff88d60000 - 0x00007fff88e12000 	C:\windows\System32\ADVAPI32.dll
0x00007fff89dc0000 - 0x00007fff89e68000 	C:\windows\System32\sechost.dll
0x00007fff88390000 - 0x00007fff883b8000 	C:\windows\System32\bcrypt.dll
0x00007fff895e0000 - 0x00007fff896f4000 	C:\windows\System32\RPCRT4.dll
0x00007fff89c60000 - 0x00007fff89cd1000 	C:\windows\System32\WS2_32.dll
0x00007fff872b0000 - 0x00007fff872fd000 	C:\windows\SYSTEM32\POWRPROF.dll
0x00007fff7bad0000 - 0x00007fff7bb04000 	C:\windows\SYSTEM32\WINMM.dll
0x00007fff79810000 - 0x00007fff7981a000 	C:\windows\SYSTEM32\VERSION.dll
0x00007fff86fa0000 - 0x00007fff86fb3000 	C:\windows\SYSTEM32\UMPDC.dll
0x00007fff86060000 - 0x00007fff86078000 	C:\windows\SYSTEM32\kernel.appcore.dll
0x00007fff7ea80000 - 0x00007fff7ea8a000 	C:\Program Files\Android\Android Studio\jbr\bin\jimage.dll
0x00007fff87300000 - 0x00007fff87532000 	C:\windows\SYSTEM32\DBGHELP.DLL
0x00007fff89210000 - 0x00007fff8959e000 	C:\windows\System32\combase.dll
0x00007fff89ce0000 - 0x00007fff89db7000 	C:\windows\System32\OLEAUT32.dll
0x00007fff871a0000 - 0x00007fff871d2000 	C:\windows\SYSTEM32\dbgcore.DLL
0x00007fff879a0000 - 0x00007fff87a1b000 	C:\windows\System32\bcryptPrimitives.dll
0x00007fff7d610000 - 0x00007fff7d61e000 	C:\Program Files\Android\Android Studio\jbr\bin\instrument.dll
0x00007fff75030000 - 0x00007fff7504f000 	C:\Program Files\Android\Android Studio\jbr\bin\java.dll
0x00007fff74a40000 - 0x00007fff74a58000 	C:\Program Files\Android\Android Studio\jbr\bin\zip.dll
0x00007fff883c0000 - 0x00007fff88c29000 	C:\windows\System32\SHELL32.dll
0x00007fff84d20000 - 0x00007fff8561f000 	C:\windows\SYSTEM32\windows.storage.dll
0x00007fff84be0000 - 0x00007fff84d1f000 	C:\windows\SYSTEM32\wintypes.dll
0x00007fff88c30000 - 0x00007fff88d29000 	C:\windows\System32\SHCORE.dll
0x00007fff8a410000 - 0x00007fff8a46e000 	C:\windows\System32\shlwapi.dll
0x00007fff878d0000 - 0x00007fff878f7000 	C:\windows\SYSTEM32\profapi.dll
0x00007fff7d620000 - 0x00007fff7d630000 	C:\Program Files\Android\Android Studio\jbr\bin\net.dll
0x00007fff86080000 - 0x00007fff861b6000 	C:\windows\SYSTEM32\WINHTTP.dll
0x00007fff865c0000 - 0x00007fff86629000 	C:\windows\system32\mswsock.dll
0x00007fff73720000 - 0x00007fff73736000 	C:\Program Files\Android\Android Studio\jbr\bin\nio.dll
0x00007fff7f610000 - 0x00007fff7f620000 	C:\Program Files\Android\Android Studio\jbr\bin\verify.dll
0x00007fff75990000 - 0x00007fff759b7000 	C:\Users\medinarc25\.gradle\native\c067742578af261105cb4f569cf0c3c89f3d7b1fecec35dd04571415982c5e48\windows-amd64\native-platform.dll
0x00007fff4de30000 - 0x00007fff4df74000 	C:\Users\medinarc25\.gradle\native\100fb08df4bc3b14c8652ba06237920a3bd2aa13389f12d3474272988ae205f9\windows-amd64\native-platform-file-events.dll
0x00007fff799d0000 - 0x00007fff799d9000 	C:\Program Files\Android\Android Studio\jbr\bin\management.dll
0x00007fff75980000 - 0x00007fff7598b000 	C:\Program Files\Android\Android Studio\jbr\bin\management_ext.dll
0x00007fff89700000 - 0x00007fff89708000 	C:\windows\System32\PSAPI.DLL
0x00007fff87640000 - 0x00007fff8765b000 	C:\windows\SYSTEM32\CRYPTSP.dll
0x00007fff86820000 - 0x00007fff86855000 	C:\windows\system32\rsaenh.dll
0x00007fff86660000 - 0x00007fff86688000 	C:\windows\SYSTEM32\USERENV.dll
0x00007fff86900000 - 0x00007fff8690c000 	C:\windows\SYSTEM32\CRYPTBASE.dll
0x00007fff858b0000 - 0x00007fff858dd000 	C:\windows\SYSTEM32\IPHLPAPI.DLL
0x00007fff89050000 - 0x00007fff89059000 	C:\windows\System32\NSI.dll
0x00007fff7aac0000 - 0x00007fff7aac9000 	C:\Program Files\Android\Android Studio\jbr\bin\extnet.dll
0x00007fff4d840000 - 0x00007fff4d848000 	C:\windows\system32\wshunix.dll
0x00007fff858e0000 - 0x00007fff859e2000 	C:\windows\SYSTEM32\DNSAPI.dll
0x0000000016080000 - 0x00000000160e8000 	C:\Program Files\Keysight\IO Libraries Suite\LxiMdnsNsp.dll
0x00007fff82af0000 - 0x00007fff82afa000 	C:\Windows\System32\rasadhlp.dll
0x00007fff83290000 - 0x00007fff83313000 	C:\windows\System32\fwpuclnt.dll

dbghelp: loaded successfully - version: 4.0.5 - missing functions: none
symbol engine: initialized successfully - sym options: 0x614 - pdb path: .;C:\Program Files\Android\Android Studio\jbr\bin;C:\windows\SYSTEM32;C:\windows\WinSxS\amd64_microsoft.windows.common-controls_6595b64144ccf1df_6.0.22621.3672_none_2713b9d173822955;C:\Program Files\Android\Android Studio\jbr\bin\server;C:\Users\medinarc25\.gradle\native\c067742578af261105cb4f569cf0c3c89f3d7b1fecec35dd04571415982c5e48\windows-amd64;C:\Users\medinarc25\.gradle\native\100fb08df4bc3b14c8652ba06237920a3bd2aa13389f12d3474272988ae205f9\windows-amd64;C:\Program Files\Keysight\IO Libraries Suite

VM Arguments:
jvm_args: --add-opens=java.base/java.util=ALL-UNNAMED --add-opens=java.base/java.lang=ALL-UNNAMED --add-opens=java.base/java.lang.invoke=ALL-UNNAMED --add-opens=java.prefs/java.util.prefs=ALL-UNNAMED --add-exports=jdk.compiler/com.sun.tools.javac.api=ALL-UNNAMED --add-exports=jdk.compiler/com.sun.tools.javac.util=ALL-UNNAMED --add-opens=java.base/java.nio.charset=ALL-UNNAMED --add-opens=java.base/java.net=ALL-UNNAMED --add-opens=java.base/java.util.concurrent.atomic=ALL-UNNAMED -Xmx2048m -Dfile.encoding=UTF-8 -Duser.country=US -Duser.language=en -Duser.variant -javaagent:C:\Users\medinarc25\.gradle\wrapper\dists\gradle-8.9-bin\90cnw93cvbtalezasaz0blq0a\gradle-8.9\lib\agents\gradle-instrumentation-agent-8.9.jar 
java_command: org.gradle.launcher.daemon.bootstrap.GradleDaemon 8.9
java_class_path (initial): C:\Users\medinarc25\.gradle\wrapper\dists\gradle-8.9-bin\90cnw93cvbtalezasaz0blq0a\gradle-8.9\lib\gradle-daemon-main-8.9.jar
Launcher Type: SUN_STANDARD

[Global flags]
     intx CICompilerCount                          = 12                                        {product} {ergonomic}
     uint ConcGCThreads                            = 5                                         {product} {ergonomic}
     uint G1ConcRefinementThreads                  = 18                                        {product} {ergonomic}
   size_t G1HeapRegionSize                         = 1048576                                   {product} {ergonomic}
    uintx GCDrainStackTargetSize                   = 64                                        {product} {ergonomic}
   size_t InitialHeapSize                          = 264241152                                 {product} {ergonomic}
   size_t MarkStackSize                            = 4194304                                   {product} {ergonomic}
   size_t MaxHeapSize                              = 2147483648                                {product} {command line}
   size_t MaxNewSize                               = 1287651328                                {product} {ergonomic}
   size_t MinHeapDeltaBytes                        = 1048576                                   {product} {ergonomic}
   size_t MinHeapSize                              = 8388608                                   {product} {ergonomic}
    uintx NonNMethodCodeHeapSize                   = 7602480                                {pd product} {ergonomic}
    uintx NonProfiledCodeHeapSize                  = 122027880                              {pd product} {ergonomic}
    uintx ProfiledCodeHeapSize                     = 122027880                              {pd product} {ergonomic}
    uintx ReservedCodeCacheSize                    = 251658240                              {pd product} {ergonomic}
     bool SegmentedCodeCache                       = true                                      {product} {ergonomic}
   size_t SoftMaxHeapSize                          = 2147483648                             {manageable} {ergonomic}
     bool UseCompressedOops                        = true                           {product lp64_product} {ergonomic}
     bool UseG1GC                                  = true                                      {product} {ergonomic}
     bool UseLargePagesIndividualAllocation        = false                                  {pd product} {ergonomic}

Logging:
Log output configuration:
 #0: stdout all=warning uptime,level,tags foldmultilines=false
 #1: stderr all=off uptime,level,tags foldmultilines=false

Environment Variables:
PATH=C:\Program Files (x86)\Common Files\Oracle\Java\java8path;C:\Program Files (x86)\Common Files\Oracle\Java\javapath;C:\Program Files (x86)\NVIDIA Corporation\PhysX\Common;C:\windows\system32;C:\windows;C:\windows\System32\Wbem;C:\windows\System32\WindowsPowerShell\v1.0\;C:\windows\System32\OpenSSH\;C:\Program Files\MATLAB\R2024a\bin;C:\Program Files\Microsoft VS Code\bin;C:\windows\system32;C:\windows;C:\windows\System32\Wbem;C:\windows\System32\WindowsPowerShell\v1.0\;C:\msys64\\mingw64\bin;C:\msys64\\mingw32\bin;C:\msys64\ucrt64\bin;C:\Program Files (x86)\Windows Kits\8.1\Windows Performance Toolkit\;C:\Program Files\Keysight\IO Libraries Suite\bin;C:\Program Files\IVI Foundation\VISA\Win64\ktvisa;C:\Program Files\IVI Foundation\VISA\Win64\bin;C:\Program Files (x86)\Keysight\IO Libraries Suite\bin;C:\Program Files (x86)\IVI Foundation\VISA\WinNT\ktvisa;C:\Program Files (x86)\IVI Foundation\VISA\WinNT\bin;C:\Program Files (x86)\IVI Foundation\IVI\Bin\;C:\Program Files\IVI Foundation\IVI\Bin\;C:\Program Files (x86)\IVI Foundation\VISA\WinNT\Bin\;C:\Program Files\IVI Foundation\VISA\Win64\Bin\;C:\Program Files (x86)\IVI Foundation\VISA\winnt\agvisa;C:\Program Files\Git\cmd;C:\Users\medinarc25\AppData\Local\Microsoft\WindowsApps;
USERNAME=medinarc25
OS=Windows_NT
PROCESSOR_IDENTIFIER=Intel64 Family 6 Model 183 Stepping 1, GenuineIntel
TMP=C:\Users\MEDINA~1\AppData\Local\Temp
TEMP=C:\Users\MEDINA~1\AppData\Local\Temp




Periodic native trim disabled

JNI global refs:
JNI global refs: 36, weak refs: 0

JNI global refs memory usage: 835, weak refs: 833

Process memory usage:
Resident Set Size: 618188K (3% of 16458456K total physical memory with 6218704K free physical memory)

OOME stack traces (most recent first):
Classloader memory used:
Loader org.gradle.internal.classloader.VisitableURLClassLoader                         : 95051K
Loader bootstrap                                                                       : 29506K
Loader org.gradle.initialization.MixInLegacyTypesClassLoader                           : 12322K
Loader jdk.internal.loader.ClassLoaders$AppClassLoader                                 : 7895K
Loader jdk.internal.loader.ClassLoaders$PlatformClassLoader                            : 977K
Loader org.gradle.internal.classloader.VisitableURLClassLoader                         : 893K
Loader org.gradle.internal.classloader.VisitableURLClassLoader$InstrumentingVisitableURLClassLoader: 691K
Loader jdk.internal.jrtfs.JrtFileSystemProvider$JrtFsLoader                            : 340K
Loader jdk.internal.reflect.DelegatingClassLoader                                      : 257K
Loader org.gradle.groovy.scripts.internal.DefaultScriptCompilationHandler$ScriptClassLoader: 89256B
Loader org.codehaus.groovy.runtime.callsite.CallSiteClassLoader                        : 49672B

Classes loaded by more than one classloader:
Class org.gradle.api.GradleException                                                  : loaded 3 times (x 79B)
Class Program                                                                         : loaded 3 times (x 69B)
Class org.gradle.internal.classloader.ClassLoaderHierarchy                            : loaded 2 times (x 67B)
Class org.gradle.api.internal.classpath.ManifestUtil                                  : loaded 2 times (x 68B)
Class org.jetbrains.plugins.gradle.model.GradleExtensions                             : loaded 2 times (x 67B)
Class org.jetbrains.plugins.gradle.model.AnnotationProcessingModel                    : loaded 2 times (x 67B)
Class jdk.internal.jimage.decompressor.StringSharingDecompressorFactory               : loaded 2 times (x 71B)
Class org.gradle.internal.operations.MultipleBuildOperationFailures                   : loaded 2 times (x 92B)
Class org.jetbrains.kotlin.idea.gradleTooling.model.noarg.NoArgModel                  : loaded 2 times (x 67B)
Class org.gradle.internal.classloader.DefaultClassLoaderFactory                       : loaded 2 times (x 79B)
Class kotlin.collections.AbstractList$Companion                                       : loaded 2 times (x 68B)
Class org.gradle.internal.classloader.ClassLoaderVisitor                              : loaded 2 times (x 73B)
Class org.gradle.api.internal.classpath.EffectiveClassPath                            : loaded 2 times (x 87B)
Class org.gradle.tooling.internal.gradle.DefaultProjectIdentifier                     : loaded 2 times (x 83B)
Class org.jetbrains.kotlin.idea.gradleTooling.model.allopen.AllOpenModel              : loaded 2 times (x 67B)
Class org.gradle.api.internal.DefaultClassPathProvider                                : loaded 2 times (x 73B)
Class [Lorg.gradle.api.internal.ClassPathProvider;                                    : loaded 2 times (x 66B)
Class org.gradle.api.internal.ClassPathProvider                                       : loaded 2 times (x 67B)
Class jdk.internal.jrtfs.SystemImage                                                  : loaded 2 times (x 71B)
Class org.gradle.internal.service.UnknownServiceException                             : loaded 2 times (x 80B)
Class org.jetbrains.kotlin.idea.gradleTooling.KotlinDslScriptAdditionalTask           : loaded 2 times (x 67B)
Class jdk.internal.jimage.ImageReader$LinkNode                                        : loaded 2 times (x 81B)
Class org.gradle.internal.classpath.TransformedClassPath                              : loaded 2 times (x 93B)
Class jdk.internal.jrtfs.SystemImage$1                                                : loaded 2 times (x 75B)
Class kotlin.enums.EnumEntriesList                                                    : loaded 2 times (x 220B)
Class jdk.internal.jrtfs.SystemImage$2                                                : loaded 2 times (x 73B)
Class org.jetbrains.plugins.gradle.model.IntelliJSettings                             : loaded 2 times (x 67B)
Class jdk.internal.jimage.BasicImageReader                                            : loaded 2 times (x 92B)
Class org.gradle.internal.service.ServiceLocator                                      : loaded 2 times (x 67B)
Class jdk.internal.jrtfs.JrtFileSystemProvider                                        : loaded 2 times (x 98B)
Class org.jetbrains.kotlin.android.synthetic.idea.AndroidExtensionsGradleModel        : loaded 2 times (x 67B)
Class org.gradle.tooling.model.UnsupportedMethodException                             : loaded 2 times (x 79B)
Class sync_studio_tooling9_97otskkc9y91bzvyjguh3xyv8                                  : loaded 2 times (x 176B)
Class jdk.internal.jimage.ImageLocation                                               : loaded 2 times (x 87B)
Class jdk.internal.jrtfs.JrtDirectoryStream$1                                         : loaded 2 times (x 80B)
Class org.gradle.internal.InternalTransformer                                         : loaded 2 times (x 67B)
Class jdk.internal.jimage.ImageBufferCache$1                                          : loaded 2 times (x 80B)
Class org.gradle.internal.time.DefaultTimer                                           : loaded 2 times (x 77B)
Class org.gradle.internal.classloader.ClasspathUtil$1                                 : loaded 2 times (x 73B)
Class jdk.internal.jimage.ImageBufferCache$2                                          : loaded 2 times (x 88B)
Class org.gradle.api.internal.classpath.DefaultModuleRegistry$DefaultModule           : loaded 2 times (x 83B)
Class org.jetbrains.kotlin.idea.gradleTooling.model.lombok.LombokModel                : loaded 2 times (x 67B)
Class org.gradle.internal.time.DefaultCountdownTimer                                  : loaded 2 times (x 85B)
Class org.gradle.tooling.internal.gradle.DefaultBuildIdentifier                       : loaded 2 times (x 76B)
Class kotlin.Function                                                                 : loaded 2 times (x 67B)
Class org.gradle.api.internal.classpath.Module                                        : loaded 2 times (x 67B)
Class org.gradle.api.internal.classpath.UnknownModuleException                        : loaded 2 times (x 79B)
Class jdk.internal.jimage.ImageHeader                                                 : loaded 2 times (x 68B)
Class com.intellij.openapi.externalSystem.model.project.dependencies.ProjectDependencies: loaded 2 times (x 67B)
Class org.gradle.tooling.internal.gradle.GradleProjectIdentity                        : loaded 2 times (x 67B)
Class org.gradle.api.internal.DefaultClassPathRegistry                                : loaded 2 times (x 73B)
Class org.gradle.api.internal.ClassPathRegistry                                       : loaded 2 times (x 67B)
Class org.gradle.internal.classpath.DefaultClassPath$ImmutableUniqueList              : loaded 2 times (x 196B)
Class jdk.internal.jimage.decompressor.ResourceDecompressor                           : loaded 2 times (x 67B)
Class org.jetbrains.kotlin.idea.gradleTooling.KotlinSourceSetContainer                : loaded 2 times (x 67B)
Class Settings_gradle$1                                                               : loaded 2 times (x 71B)
Class org.gradle.internal.classpath.ClassPath                                         : loaded 2 times (x 67B)
Class org.gradle.api.UncheckedIOException                                             : loaded 2 times (x 79B)
Class org.jetbrains.kotlin.idea.gradleTooling.KotlinGradleModel                       : loaded 2 times (x 67B)
Class ijInit2_5hd6f49t8aojrqxrqkqpoc3lm                                               : loaded 2 times (x 176B)
Class jdk.internal.jimage.ImageStringsReader                                          : loaded 2 times (x 77B)
Class org.gradle.tooling.model.Model                                                  : loaded 2 times (x 67B)
Class kotlin.UninitializedPropertyAccessException                                     : loaded 2 times (x 79B)
Class jdk.internal.jimage.ImageReader                                                 : loaded 2 times (x 72B)
Class org.jetbrains.plugins.gradle.model.IntelliJProjectSettings                      : loaded 2 times (x 67B)
Class org.jetbrains.kotlin.idea.gradleTooling.model.annotation.AnnotationBasedPluginModel: loaded 2 times (x 67B)
Class jdk.internal.jimage.ImageReader$SharedImageReader                               : loaded 2 times (x 92B)
Class org.gradle.internal.installation.GradleInstallation$1                           : loaded 2 times (x 72B)
Class org.gradle.api.internal.classpath.ModuleRegistry                                : loaded 2 times (x 67B)
Class jdk.internal.jimage.decompressor.ResourceDecompressorFactory                    : loaded 2 times (x 71B)
Class org.jetbrains.plugins.gradle.model.VersionCatalogsModel                         : loaded 2 times (x 67B)
Class jdk.internal.jimage.ImageReader$Node                                            : loaded 2 times (x 81B)
Class org.gradle.api.internal.classpath.DefaultModuleRegistry                         : loaded 2 times (x 80B)
Class jdk.internal.jimage.BasicImageReader$1                                          : loaded 2 times (x 74B)
Class jdk.internal.jimage.decompressor.Decompressor                                   : loaded 2 times (x 69B)
Class jdk.internal.jimage.ImageReader$Resource                                        : loaded 2 times (x 81B)
Class org.gradle.internal.time.MonotonicClock                                         : loaded 2 times (x 74B)
Class org.gradle.internal.service.ServiceLookupException                              : loaded 2 times (x 79B)
Class jdk.internal.jrtfs.JrtFileAttributes                                            : loaded 2 times (x 80B)
Class org.gradle.internal.classloader.ClassLoaderFactory                              : loaded 2 times (x 67B)
Class org.gradle.internal.service.CachingServiceLocator                               : loaded 2 times (x 79B)
Class org.jetbrains.plugins.gradle.model.RepositoryModels                             : loaded 2 times (x 67B)
Class org.gradle.internal.time.TimeSource                                             : loaded 2 times (x 67B)
Class org.gradle.tooling.internal.gradle.GradleBuildIdentity                          : loaded 2 times (x 67B)
Class kotlin.enums.EnumEntries                                                        : loaded 2 times (x 67B)
Class org.gradle.internal.exceptions.ResolutionProvider                               : loaded 2 times (x 67B)
Class jdk.internal.jimage.ImageBufferCache                                            : loaded 2 times (x 68B)
Class jdk.internal.jrtfs.JrtPath                                                      : loaded 2 times (x 115B)
Class org.gradle.tooling.model.ProjectIdentifier                                      : loaded 2 times (x 67B)
Class org.gradle.internal.classloader.ClasspathUtil                                   : loaded 2 times (x 68B)
Class org.gradle.internal.time.TimeSource$1                                           : loaded 2 times (x 74B)
Class kotlin.jvm.internal.DefaultConstructorMarker                                    : loaded 2 times (x 68B)
Class org.gradle.api.specs.Spec                                                       : loaded 2 times (x 67B)
Class jdk.internal.jimage.ImageReader$SharedImageReader$LocationVisitor               : loaded 2 times (x 67B)
Class jdk.internal.jimage.decompressor.ResourceDecompressorRepository                 : loaded 2 times (x 68B)
Class org.gradle.internal.time.Clock                                                  : loaded 2 times (x 67B)
Class jdk.internal.jimage.ImageReader$Directory                                       : loaded 2 times (x 81B)
Class org.jetbrains.plugins.gradle.model.jar.JarTaskManifestConfiguration             : loaded 2 times (x 67B)
Class kotlin.collections.AbstractList                                                 : loaded 2 times (x 194B)
Class kotlin.collections.AbstractCollection                                           : loaded 2 times (x 114B)
Class org.gradle.internal.classloader.VisitableURLClassLoader$InstrumentingVisitableURLClassLoader: loaded 2 times (x 120B)
Class org.gradle.internal.classloader.VisitableURLClassLoader$Spec                    : loaded 2 times (x 71B)
Class org.gradle.internal.classpath.DefaultClassPath                                  : loaded 2 times (x 87B)
Class jdk.internal.jimage.decompressor.ZipDecompressorFactory                         : loaded 2 times (x 71B)
Class org.gradle.internal.classloader.ClassLoaderSpec                                 : loaded 2 times (x 68B)
Class Settings_gradle$1$1                                                             : loaded 2 times (x 71B)
Class org.gradle.internal.classloader.VisitableURLClassLoader                         : loaded 2 times (x 114B)
Class Settings_gradle                                                                 : loaded 2 times (x 125B)
Class org.gradle.internal.Cast                                                        : loaded 2 times (x 68B)
Class org.gradle.api.Action                                                           : loaded 2 times (x 67B)
Class jdk.internal.jimage.decompressor.ZipDecompressor                                : loaded 2 times (x 72B)
Class kotlin.jvm.functions.Function1                                                  : loaded 2 times (x 67B)
Class org.gradle.internal.agents.InstrumentingClassLoader                             : loaded 2 times (x 67B)
Class org.gradle.internal.classpath.DefaultClassPath$ImmutableUniqueList$Builder      : loaded 2 times (x 72B)
Class org.jetbrains.kotlin.idea.gradleTooling.model.samWithReceiver.SamWithReceiverModel: loaded 2 times (x 67B)
Class org.gradle.internal.classloader.FilteringClassLoader                            : loaded 2 times (x 102B)
Class org.gradle.internal.exceptions.NonGradleCauseExceptionsHolder                   : loaded 2 times (x 67B)
Class jdk.internal.jimage.ImageStrings                                                : loaded 2 times (x 67B)
Class org.jetbrains.kotlin.idea.gradleTooling.model.assignment.AssignmentModel        : loaded 2 times (x 67B)
Class kotlin.enums.EnumEntriesKt                                                      : loaded 2 times (x 68B)
Class org.gradle.internal.IoActions                                                   : loaded 2 times (x 68B)
Class org.gradle.internal.classloader.SystemClassLoaderSpec                           : loaded 2 times (x 68B)
Class org.gradle.internal.exceptions.MultiCauseException                              : loaded 2 times (x 67B)
Class org.gradle.internal.time.CountdownTimer                                         : loaded 2 times (x 67B)
Class kotlin.jvm.internal.Intrinsics                                                  : loaded 2 times (x 68B)
Class jdk.internal.jrtfs.JrtFileSystem                                                : loaded 2 times (x 99B)
Class org.jetbrains.kotlin.idea.gradleTooling.model.parcelize.ParcelizeGradleModel    : loaded 2 times (x 67B)
Class org.gradle.tooling.model.ProjectModel                                           : loaded 2 times (x 67B)
Class jdk.internal.jimage.decompressor.CompressedResourceHeader                       : loaded 2 times (x 68B)
Class kotlin.KotlinNullPointerException                                               : loaded 2 times (x 80B)
Class org.jetbrains.plugins.gradle.model.tests.ExternalTestsModel                     : loaded 2 times (x 67B)
Class org.gradle.internal.exceptions.DefaultMultiCauseException                       : loaded 2 times (x 92B)
Class org.gradle.internal.time.Time                                                   : loaded 2 times (x 68B)
Class org.jetbrains.plugins.gradle.model.DependencyAccessorsModel                     : loaded 2 times (x 67B)
Class org.jetbrains.kotlin.idea.gradleTooling.KotlinMPPGradleModel                    : loaded 2 times (x 67B)
Class org.gradle.tooling.model.BuildIdentifier                                        : loaded 2 times (x 67B)
Class org.jetbrains.kotlin.idea.gradleTooling.PrepareKotlinIdeImportTaskModel         : loaded 2 times (x 67B)
Class org.gradle.internal.time.Timer                                                  : loaded 2 times (x 67B)
Class kotlin.jvm.internal.markers.KMappedMarker                                       : loaded 2 times (x 67B)
Class org.gradle.internal.installation.CurrentGradleInstallationLocator               : loaded 2 times (x 68B)
Class org.gradle.internal.service.DefaultServiceLocator                               : loaded 2 times (x 80B)
Class jdk.internal.jrtfs.JrtDirectoryStream                                           : loaded 2 times (x 86B)
Class org.gradle.util.GradleVersion                                                   : loaded 2 times (x 80B)
Class org.gradle.internal.installation.CurrentGradleInstallation                      : loaded 2 times (x 70B)
Class org.gradle.util.internal.GUtil                                                  : loaded 2 times (x 68B)
Class org.gradle.internal.installation.GradleInstallation                             : loaded 2 times (x 72B)
Class jdk.internal.jimage.decompressor.ResourceDecompressor$StringsProvider           : loaded 2 times (x 67B)

---------------  S Y S T E M  ---------------

OS:
 Windows 11 , 64 bit Build 22621 (10.0.22621.3958)
OS uptime: 6 days 23:34 hours
Hyper-V role detected

CPU: total 24 (initial active 24) (12 cores per cpu, 2 threads per core) family 6 model 183 stepping 1 microcode 0x123, cx8, cmov, fxsr, ht, mmx, 3dnowpref, sse, sse2, sse3, ssse3, sse4.1, sse4.2, popcnt, lzcnt, tsc, tscinvbit, avx, avx2, aes, erms, clmul, bmi1, bmi2, adx, sha, fma, vzeroupper, clflush, clflushopt, clwb, hv, serialize, rdtscp, rdpid, fsrm, f16c, cet_ibt, cet_ss
Processor Information for all 24 processors :
  Max Mhz: 2100, Current Mhz: 2100, Mhz Limit: 2100

Memory: 4k page, system-wide physical 16072M (6056M free)
TotalPageFile size 17244M (AvailPageFile size 6944M)
current process WorkingSet (physical memory assigned to process): 612M, peak: 612M
current process commit charge ("private bytes"): 667M, peak: 668M

vm_info: OpenJDK 64-Bit Server VM (21.0.3+-12282718-b509.11) for windows-amd64 JRE (21.0.3+-12282718-b509.11), built on 2024-08-27T17:34:15Z by "builder" with MS VC++ 16.10 / 16.11 (VS2019)

END.
